id_jogo,cod,rodada,temporada,data,horario,jogo,placar,odds_mandante,odds_empate,odds_visitante,site_apostas,time,pos_rodada,pos_adv_rodada,condicao,pts,vit,diff_gols,pr_vitoria,pr_empate,e_pontos,surpresa,cum_surpresa,cum_pts,cum_vit,cum_saldo,pts_4,trocou,m,di,tratado,periodo,original_index
125,201113AMGCTB1,13,2011,2011-07-31,18:30,América-MG - Coritiba,1-3,3.21,3.26,2.18,8,América-MG,20,11,mandante,0,0,-2,0.289256467447048,0.284820018559823,1.15258942090097,-1.15258942090097,-4.94791018602005,8,1,-14,2,1,1.1,0,,,1532
116,201612AMGCOR1,12,2016,2016-06-29,21:45,América-MG - Corinthians,0-2,3.67,3.22,2.07,14,América-MG,20,2,mandante,0,0,-2,0.255578093306288,0.291295528706235,1.0580298086251,-1.0580298086251,-4.83716977331767,8,2,-11,3,0,1.1,0.110740412702381,,,5331
176,201118CAPAMG2,18,2011,2011-08-21,18:00,Atlético-PR - América-MG,2-2,1.58,3.79,5.84,8,América-MG,20,17,visitante,1,0,0,0.160330932555088,0.247053468633698,0.728046266298964,0.271953733701036,-3.93142588919678,13,2,-14,5,0,1.2,0.03799151711197,,,1537
48,20165AMGPON1,5,2016,2016-06-02,19:30,América-MG - Ponte Preta,1-2,2.32,3.14,3.15,13,América-MG,20,10,mandante,0,0,-1,0.403981408114753,0.298483078607079,1.51042730295134,-1.51042730295134,-3.96941740630875,2,0,-4,2,1,1.2,0,,,5324
86,20119CAMAMG2,9,2011,2011-07-10,18:30,Atlético-MG - América-MG,2-0,1.71,3.6,4.79,8,América-MG,18,13,visitante,0,0,-2,0.194866243126976,0.259280362382838,0.843879091763768,-0.843879091763768,-3.10352985046823,6,1,-8,1,1,1.4,0,,,1528
91,201610PALAMG2,10,2016,2016-06-21,21:30,Palmeiras - América-MG,2-0,1.31,5.11,9.23,14,América-MG,20,1,visitante,0,0,-2,0.101501576177357,0.183338463427985,0.487843191960055,-0.487843191960055,-3.07932145565219,8,2,-8,3,0,1.4,0.0242083948160401,,,5329
103,201011VASACG2,11,2010,2010-07-24,18:30,Vasco - Atlético-GO,2-0,1.56,3.74,5.82,5,Atlético-GO,20,14,visitante,0,0,-2,0.159060424640953,0.247521837275493,0.724703111198351,-0.724703111198351,-4.57580968937477,7,2,-7,3,1,1.2,0,,,770
48,20125CTBACG2,5,2012,2012-06-17,18:30,Coritiba - Atlético-GO,3-0,1.85,3.5,4.16,8,Atlético-GO,19,11,visitante,0,0,-3,0.225366329052243,0.267863979673523,0.943962966830253,-0.943962966830253,-4.38675530892573,2,0,-6,1,0,1.2,0.18905438044904,,,2284
133,201014ACGBOT1,14,2010,2010-08-14,18:30,Atlético-GO - Botafogo,0-2,2.46,3.28,2.75,8,Atlético-GO,20,4,mandante,0,0,-2,0.378136816775524,0.283602612581643,1.41801306290822,-1.41801306290822,-6.60219505566373,9,2,-9,2,0,1.4,0.0286880415496906,,,773
150,201715SPOACG2,15,2017,2017-07-21,23:00,Sport - Atlético-GO,4-0,1.47,4.22,7,15,Atlético-GO,20,5,visitante,0,0,-4,0.134758675222773,0.223533347525927,0.627809373194246,-0.627809373194246,-6.63088309721342,8,2,-16,1,1,1.4,0,,,6094
90,201110ACGAVA1,10,2011,2011-07-16,18:30,Atlético-GO - Avaí,0-1,1.63,3.77,5.02,8,Atlético-GO,17,18,mandante,0,0,-1,0.569131900484466,0.246070291190897,1.95346599264429,-1.95346599264429,-3.40531496233344,8,2,-4,1,1,1.5,0,,,1567
92,201710VASACG2,10,2017,2017-06-25,14:00,Vasco - Atlético-GO,1-0,1.53,3.94,6.41,15,Atlético-GO,20,6,visitante,0,0,-1,0.146704014757525,0.238673282892319,0.678785327164895,-0.678785327164895,-3.36277471921103,6,2,-10,3,0,1.5,0.04254024312241,,,6089
68,20107ACGCRU1,7,2010,2010-06-06,18:30,Atlético-GO - Cruzeiro,2-1,3.94,3.41,1.89,8,Atlético-GO,20,11,mandante,3,1,1,0.235844534140353,0.272500722731082,0.980034325152139,2.01996567484786,-3.52866934859003,4,1,-5,3,1,1.6,0,,,766
146,201115BAHACG2,15,2011,2011-08-07,18:30,Bahia - Atlético-GO,2-1,1.85,3.52,4.03,8,Atlético-GO,17,13,visitante,0,0,-1,0.231306676707006,0.264819859979896,0.958739890100913,-0.958739890100913,-3.56898709885577,13,3,-6,4,0,1.6,0.0403177502657401,,,1572
151,201316CAMPOR1,16,2013,2013-08-25,16:00,Atlético-MG - Portuguesa,2-1,1.54,3.82,6.47,9,Atlético-MG,12,19,mandante,3,1,1,0.609323997830482,0.24564370593166,2.07361569942311,0.926384300576895,-3.44172066832926,19,5,-4,8,0,1.5,0.0495169652953198,,,3054
145,201715CAMBAH1,15,2017,2017-07-20,00:45,Atlético-MG - Bahia,0-2,1.71,3.59,5.03,15,Atlético-MG,11,12,mandante,0,0,-2,0.550574884367597,0.262251546592922,1.91397619969571,-1.91397619969571,-3.49123763362458,20,5,-1,4,1,1.5,0,,,6132
331,201134FIGCAM2,34,2011,2011-11-12,18:00,Figueirense - Atlético-MG,2-1,1.89,3.36,4.13,8,Atlético-MG,15,4,visitante,0,0,-1,0.226533822758259,0.278447823807027,0.958049292081804,-0.958049292081804,-7.22017516978753,39,11,-9,9,0,1.6,0.0174886680627804,,,1629
248,201725CAMVIT1,25,2017,2017-09-24,22:00,Atlético-MG - Vitória,1-3,1.5,4.3,6.13,16,Atlético-MG,11,16,mandante,0,0,-2,0.627535472812113,0.218907723073993,2.10151414151033,-2.10151414151033,-7.20268650172475,31,8,-4,5,1,1.6,0,,,6142
237,201024FLUCAM2,24,2010,2010-09-23,21:00,Fluminense - Atlético-MG,5-1,1.69,3.58,4.94,8,Atlético-MG,18,2,visitante,0,0,-4,0.188573743922204,0.260210696920583,0.825931928687196,-0.825931928687196,-11.261127612698,21,6,-16,3,1,1.7,0,,,821
262,201127CAMCEA1,27,2011,2011-10-02,16:00,Atlético-MG - Ceará,1-1,1.7,3.62,4.87,8,Atlético-MG,18,15,mandante,1,0,0,0.549846549229003,0.258215230300913,1.90775487798792,-0.907754877987923,-11.0016561971259,26,7,-12,2,0,1.7,0.259471415572099,,,1622
140,201115CAMFIG1,15,2011,2011-08-06,21:00,Atlético-MG - Figueirense,1-2,1.68,3.6,5.03,8,Atlético-MG,14,8,mandante,0,0,-1,0.555351096717209,0.259163845134698,1.92521713528632,-1.92521713528632,-6.48931115122989,15,4,-7,4,1,1.8,0,,,1610
311,201732SANCAM2,32,2017,2017-11-04,19:00,Santos - Atlético-MG,3-1,2.22,3.33,3.24,16,Atlético-MG,12,2,visitante,0,0,-2,0.291338582677165,0.283464566929134,1.15748031496063,-1.15748031496063,-6.35897664346011,42,11,-2,4,0,1.8,0.13033450776978,,,6149
51,20136CAPGRE1,6,2013,2013-07-06,18:30,Atlético-PR - Grêmio,1-1,2.59,3.25,2.66,11,Atlético-PR,19,8,mandante,1,0,0,0.360931700616653,0.287634801414502,1.37042990326446,-0.370429903264459,-1.90800403761113,6,1,-1,5,1,1.1,0,,,3083
159,201716CAPPON1,16,2017,2017-07-23,22:00,Atlético-PR - Ponte Preta,0-2,2.17,3.14,3.5,15,Atlético-PR,16,10,mandante,0,0,-2,0.432697607760997,0.299029875427186,1.59712269871018,-1.59712269871018,-1.85641484539618,17,4,-8,2,0,1.1,0.0515891922149501,,,6171
265,201027CRUCAP2,27,2010,2010-10-02,18:30,Cruzeiro - Atlético-PR,0-0,1.71,3.54,4.81,8,Atlético-PR,5,3,visitante,1,0,0,0.193362912422259,0.262733222811036,0.842821960077813,0.157178039922187,9.07310574899308,42,12,-2,8,1,1.10,0,,,862
324,201633CAPCRU1,33,2016,2016-10-29,15:30,Atlético-PR - Cruzeiro,1-0,2.14,3.07,3.65,14,Atlético-PR,6,13,mandante,3,1,1,0.437949215009595,0.305280560299848,1.61912820532863,1.38087179467137,8.90509109949761,51,16,5,6,0,1.10,0.16801464949547,,,5428
142,200915GOICAP2,15,2009,2009-07-29,21:00,Goiás - Atlético-PR,3-0,1.62,3.73,5.66,5,Atlético-PR,18,4,visitante,0,0,-3,0.166354656476781,0.252430926450022,0.751494895880364,-0.751494895880364,-6.27212841469969,12,3,-15,1,1,1.2,0,,,52
328,201133CAPACG1,33,2011,2011-11-06,18:00,Atlético-PR - Atlético-GO,2-1,1.94,3.42,3.82,8,Atlético-PR,18,12,mandante,3,1,1,0.481903356694947,0.27336038362228,1.71907045370712,1.28092954629288,-6.28099465527393,34,8,-17,6,0,1.2,0.0088662405742399,,,1666
43,20145CAPCHA1,5,2014,2014-05-18,16:00,Atlético-PR - Chapecoense,1-1,1.71,3.6,4.95,11,Atlético-PR,13,20,mandante,1,0,0,0.549313358302122,0.260923845193508,1.90886392009987,-0.908863920099875,-1.10010109702692,5,1,-1,2,1,1.3,0,,,3842
51,20166CAPSTC1,6,2016,2016-06-04,16:00,Atlético-PR - Santa Cruz,1-0,1.53,3.92,6.28,13,Atlético-PR,13,9,mandante,3,1,1,0.612018814825128,0.238874690480216,2.0749311349556,0.925068865044402,-1.19425413220313,7,2,-4,6,0,1.3,0.0941530351762099,,,5401
207,201021GUACAP2,21,2010,2010-09-12,18:30,Guarani - Atlético-PR,1-0,2.15,3.24,3.29,8,Atlético-PR,8,7,visitante,0,0,-1,0.282034568061184,0.286386953370771,1.13249065755432,-1.13249065755432,2.78283117523172,28,8,-6,7,0,1.4,0.0189371502731102,,,856
169,201417CAPBAH1,17,2014,2014-08-24,18:30,Atlético-PR - Bahia,0-0,1.87,3.38,4.26,12,Atlético-PR,9,18,mandante,1,0,0,0.501952199012745,0.277707281702318,1.78356387874055,-0.783563878740553,2.76389402495861,24,6,1,5,1,1.4,0,,,3854
241,200925CAPSPO1,25,2009,2009-09-19,18:30,Atlético-PR - Sport,1-0,1.75,3.46,4.39,6,Atlético-PR,14,19,mandante,3,1,1,0.52509601789338,0.265583246044339,1.84087129972448,1.15912870027552,0.864754496273672,31,9,-11,4,0,1.5,0.00733569771585607,,,62
273,201528CAPPON1,28,2015,2015-09-27,11:00,Atlético-PR - Ponte Preta,1-2,1.9,3.33,4.16,13,Atlético-PR,11,9,mandante,0,0,-1,0.493266580733376,0.281443394412437,1.76124313661257,-1.76124313661257,0.872090193989528,38,11,-2,0,1,1.5,0,,,4625
97,201610CHACAP2,10,2016,2016-06-23,15:00,Chapecoense - Atlético-PR,0-0,2.02,3.16,3.95,14,Atlético-PR,9,8,visitante,1,0,0,0.237786933490288,0.297233666862861,1.01059446733373,-0.0105944673337257,1.34016623720678,14,4,-3,7,0,1.7,0.04462462059365,,,5405
114,201712CHACAP2,12,2017,2017-07-09,14:00,Chapecoense - Atlético-PR,1-1,1.81,3.39,4.64,14,Atlético-PR,14,15,visitante,1,0,0,0.202746506563926,0.277505542907557,0.885745062599335,0.114254937400665,1.29554161661313,15,4,-4,7,1,1.7,0,,,6167
47,20105INTCAP2,5,2010,2010-05-30,16:00,Internacional - Atlético-PR,4-1,1.48,3.89,6.84,7,Atlético-PR,19,10,visitante,0,0,-3,0.13550178874035,0.238260214648842,0.644765580869893,-0.644765580869893,-2.15171392369594,4,1,-5,4,1,1.8,0,,,840
41,20165INTCAP2,5,2016,2016-06-01,19:30,Internacional - Atlético-PR,1-0,1.52,3.83,6.78,13,Atlético-PR,19,1,visitante,0,0,-1,0.138298023974572,0.244820000665168,0.659714072588883,-0.659714072588883,-2.11932299724753,4,1,-5,4,0,1.8,0.0323909264484104,,,5400
44,20095CAPCAM1,5,2009,2009-06-07,16:00,Atlético-PR - Atlético-MG,0-4,2.1,3.3,3.36,7,Atlético-PR,20,2,mandante,0,0,-4,0.442211055276382,0.281407035175879,1.60804020100502,-1.60804020100502,-5.79986526629781,1,0,-8,1,1,1.9,0,,,42
142,201115CAPCOR1,15,2011,2011-08-07,16:00,Atlético-PR - Corinthians,1-1,2.56,3.15,2.73,8,Atlético-PR,19,2,mandante,1,0,0,0.363579863269111,0.295480777767913,1.38622036757525,-0.386220367575246,-5.70249194248739,12,3,-9,7,0,1.9,0.0973733238104204,,,1648
196,201020BARAVA2,20,2010,2010-09-09,21:00,Barueri - Avaí,1-1,2.48,3.2,2.77,8,Avaí,13,17,visitante,1,0,0,0.335282387535066,0.290228816710042,1.29607597931524,-0.29607597931524,-2.05712658739068,24,6,-1,2,0,1.2,0.0615051154458699,,,893
332,201534CAPAVA2,34,2015,2015-11-07,18:30,Atlético-PR - Avaí,2-1,1.86,3.4,4.31,13,Avaí,16,12,visitante,0,0,-1,0.21810957902506,0.276485966352355,0.930814703427535,-0.930814703427535,-1.99562147194481,35,9,-22,2,1,1.2,0,,,4669
61,20107AVAFLU1,7,2010,2010-06-05,18:30,Avaí - Fluminense,0-3,2.42,3.25,2.75,8,Avaí,12,3,mandante,0,0,-3,0.381008206330598,0.283704572098476,1.42672919109027,-1.42672919109027,-1.60778816513664,8,2,-1,1,1,1.3,0,,,880
61,20177ACGAVA2,7,2017,2017-06-14,22:30,Atlético-GO - Avaí,3-1,1.92,3.28,4.22,15,Avaí,19,16,visitante,0,0,-2,0.222990198855589,0.286895926576398,0.955866523143165,-0.955866523143165,-1.65686016818852,5,1,-6,4,0,1.3,0.0490720030518801,,,6200
226,201023AVAGRE1,23,2010,2010-09-19,18:30,Avaí - Grêmio,0-3,2.37,3.24,2.88,8,Avaí,16,11,mandante,0,0,-3,0.391481649297689,0.286361576801087,1.46080652469416,-1.46080652469416,-4.70148954851962,25,6,-5,2,1,1.4,0,,,896
294,201130INTAVA2,30,2011,2011-10-16,15:00,Internacional - Avaí,4-2,1.41,4.43,7.62,8,Avaí,19,7,visitante,0,0,-2,0.123086836489179,0.211720472696962,0.580980982164498,-0.580980982164498,-4.85176582525872,26,6,-24,4,0,1.4,0.1502762767391,,,1701
199,201120BAHAMG1,20,2011,2011-09-01,20:30,Bahia - América-MG,0-0,1.63,3.72,5.28,8,Bahia,16,20,mandante,1,0,0,0.572447801909558,0.250830622879726,1.9681740286084,-0.9681740286084,-1.03183061740132,21,4,-6,2,1,1.6,0,,,1729
254,201426FLUBAH2,26,2014,2014-10-04,16:20,Fluminense - Bahia,1-1,1.86,3.35,4.34,13,Bahia,14,7,visitante,1,0,0,0.21603611349957,0.2798796216681,0.92798796216681,0.0720120378331901,-1.10670201628283,30,7,-2,7,0,1.6,0.07487139888151,,,3901
100,201210FLUBAH2,10,2012,2012-07-19,21:00,Fluminense - Bahia,4-0,1.35,4.67,9.16,8,Bahia,19,3,visitante,0,0,-4,0.102599446358448,0.201244310202009,0.509042649277353,-0.509042649277353,-3.35399558273557,7,1,-9,1,1,1.7,0,,,2365
115,201712BAHFLU1,12,2017,2017-07-09,19:00,Bahia - Fluminense,1-1,2.13,3.41,3.34,15,Bahia,16,8,mandante,1,0,0,0.442016695838459,0.276098405318451,1.60214849283383,-0.602148492833829,-3.38079012602917,12,3,-1,2,0,1.7,0.0267945432936001,,,6243
187,201219BAHACG1,19,2012,2012-08-26,18:30,Bahia - Atlético-GO,1-1,2.06,3.32,3.59,10,Bahia,16,18,mandante,1,0,0,0.455726597689019,0.282770117843187,1.64994991091024,-0.649949910910245,-3.30850400094193,17,3,-9,4,1,1.8,0,,,2374
230,201723ACGBAH2,23,2017,2017-09-11,23:00,Atlético-GO - Bahia,1-1,2.53,3.08,2.94,14,Bahia,15,20,visitante,1,0,0,0.320862396956246,0.306277742549144,1.26886493341788,-0.268864933417882,-3.33841564249683,27,7,-1,4,0,1.8,0.0299116415548997,,,6254
168,200918BOTCAP1,18,2009,2009-08-08,18:30,Botafogo - Atlético-PR,0-1,1.64,3.67,5.24,7,Botafogo,15,13,mandante,0,0,-1,0.568232318456884,0.25392397881997,1.95862093419062,-1.95862093419062,-4.51093016011739,19,4,-5,4,1,1.2,0,,,168
151,201416FIGBOT2,16,2014,2014-08-20,19:30,Figueirense - Botafogo,1-0,2.42,3.22,2.92,12,Botafogo,16,14,visitante,0,0,-1,0.321187740095296,0.291263416483933,1.25482663676982,-1.25482663676982,-4.4899733405192,16,4,-1,4,0,1.2,0.0209568195981893,,,3929
51,20096BOTSAN1,6,2009,2009-06-13,18:30,Botafogo - Santos,2-0,2.5,3.25,2.72,8,Botafogo,16,5,mandante,3,1,2,0.371975594361456,0.286135072585735,1.4020618556701,1.5979381443299,-2.40291657708543,6,1,-1,4,0,1.3,0.1901035437787,,,157
175,201618PONBOT2,18,2016,2016-08-04,19:15,Ponte Preta - Botafogo,2-0,2.03,3.36,3.62,14,Botafogo,16,9,visitante,0,0,-2,0.259024934871604,0.279068531022383,1.05614333563719,-1.05614333563719,-2.21281303330673,20,5,-6,4,1,1.3,0,,,5451
190,201020FLUCEA2,20,2010,2010-09-08,19:30,Fluminense - Ceará,3-1,1.52,3.79,6.53,8,Ceará,11,1,visitante,0,0,-2,0.142470279534365,0.245469901150238,0.672880739753333,-0.672880739753333,0.237166348280818,25,6,-2,1,1,1.2,0,,,1007
129,201114CEAAVA1,14,2011,2011-08-03,19:30,Ceará - Avaí,0-3,1.66,3.67,4.99,8,Ceará,12,17,mandante,0,0,-3,0.560229925142785,0.253401001563222,1.93409077699158,-1.93409077699158,0.174497939204707,18,5,-5,4,0,1.2,0.062668409076111,,,1799
256,201026CEACAM1,26,2010,2010-09-29,22:00,Ceará - Atlético-MG,0-0,2.3,3.15,3.1,8,Ceará,14,20,mandante,1,0,0,0.404515327257664,0.295360397680199,1.50890637945319,-0.50890637945319,-1.07465498512465,31,7,-8,2,0,1.3,0.14873508088676,,,1013
221,201123CEAACG1,23,2011,2011-09-11,16:00,Ceará - Atlético-GO,1-1,1.9,3.4,4.01,8,Ceará,15,11,mandante,1,0,0,0.491971277018006,0.274925125392415,1.75083895644643,-0.750838956446433,-1.22339006601141,27,7,-7,2,1,1.3,0,,,1808
62,20157CHASAO1,7,2015,2015-06-13,16:30,Chapecoense - São Paulo,0-1,2.63,3.04,2.77,13,Chapecoense,11,1,mandante,0,0,-1,0.35529152655362,0.307373919353954,1.37324849901481,-1.37324849901481,0.164831218249192,9,3,-1,3,0,1.1,0.019412281563552,,,4680
110,201711FLUCHA2,11,2017,2017-07-03,23:00,Fluminense - Chapecoense,3-3,1.69,3.62,5.12,14,Chapecoense,15,7,visitante,1,0,0,0.183690136616124,0.259804834108993,0.810875243957364,0.189124756042636,0.184243499812744,14,4,-5,1,1,1.1,0,,,6318
245,201525CHAFLA1,25,2015,2015-09-13,16:00,Chapecoense - Flamengo,1-3,2.66,2.97,2.83,13,Chapecoense,13,4,mandante,0,0,-2,0.352664991125787,0.3158548405369,1.37384981391426,-1.37384981391426,-0.978231380962848,30,8,-7,2,1,1.6,0,,,4698
163,201717CHAACG1,17,2017,2017-07-30,14:00,Chapecoense - Atlético-GO,1-2,1.52,4.09,6.16,15,Chapecoense,13,20,mandante,0,0,-1,0.617897504316434,0.229634280332758,2.08332679328206,-2.08332679328206,-0.993153653318512,21,6,-7,6,0,1.6,0.014922272355664,,,6324
102,201511CHAVAS1,11,2015,2015-07-04,21:00,Chapecoense - Vasco,1-0,1.79,3.3,4.86,13,Chapecoense,9,18,mandante,3,1,1,0.523358264478991,0.283882210126483,1.85395700356346,1.14604299643654,2.17441048943638,16,5,-1,7,0,1.7,0.0325893229235099,,,4684
97,201610CHACAP1,10,2016,2016-06-23,15:00,Chapecoense - Atlético-PR,0-0,2.02,3.16,3.95,14,Chapecoense,8,9,mandante,1,0,0,0.464979399646851,0.297233666862861,1.69217186580341,-0.692171865803414,2.14182116651287,15,3,3,5,1,1.7,0,,,5481
281,200929CORGRE1,29,2009,2009-10-10,16:10,Corinthians - Grêmio,2-1,2.09,3.28,3.3,7,Corinthians,8,9,mandante,3,1,1,0.440426103303196,0.28063736460478,1.60191567451437,1.39808432548563,0.790489230263373,42,11,-2,5,0,1.1,0.014078150447439,,,218
69,20167PALCOR2,7,2016,2016-06-12,16:00,Palmeiras - Corinthians,1-0,2.24,3.11,3.36,13,Corinthians,4,2,visitante,0,0,-1,0.279299506061967,0.301751234845083,1.13964975303098,-1.13964975303098,0.804567380710812,13,4,5,9,1,1.1,0,,,5516
305,201231CRUCOR2,31,2012,2012-10-17,22:00,Cruzeiro - Corinthians,2-0,1.98,3.38,3.77,10,Corinthians,9,8,visitante,0,0,-2,0.248791803595592,0.277498550164315,1.02387396095109,-1.02387396095109,-2.72219616171451,43,11,5,4,0,1.2,0.0666073789488202,,,2462
251,201626CORPAL1,26,2016,2016-09-17,16:00,Corinthians - Palmeiras,0-2,2.29,3.16,3.18,14,Corinthians,5,1,mandante,0,0,-2,0.409029852568851,0.296417203285655,1.52350676099221,-1.52350676099221,-2.65558878276569,41,12,9,4,1,1.2,0,,,5535
81,20129CORNAU1,9,2012,2012-07-14,18:30,Corinthians - Náutico,2-1,1.39,4.44,8.02,8,Corinthians,14,12,mandante,3,1,1,0.672775571434509,0.21062118114729,2.22894789545082,0.771052104549181,-5.15724999097477,8,2,-5,7,0,1.3,0.12453879981658,,,2440
294,201630STCCOR2,30,2016,2016-10-12,21:45,Santa Cruz - Corinthians,2-4,4.35,3.51,1.81,14,Corinthians,9,19,visitante,3,1,2,0.517662255764517,0.266942644710477,1.81992941200403,1.18007058799597,-5.28178879079135,45,13,8,4,1,1.3,0,,,5539
110,201011CORGUA1,11,2010,2010-07-25,18:30,Corinthians - Guarani,3-1,1.43,4.18,7.21,8,Corinthians,1,12,mandante,3,1,2,0.649164790901552,0.222082691624215,2.16957706432887,0.830422935671129,5.78790604489175,24,7,8,7,1,1.4,0,,,1036
307,201131INTCOR2,31,2011,2011-10-23,15:00,Internacional - Corinthians,1-1,2,3.32,3.74,8,Corinthians,2,7,visitante,1,0,0,0.25021856440867,0.281872720147117,1.03252841337313,-0.032528413373127,5.83826518513921,55,16,13,7,0,1.4,0.0503591402474592,,,1854
284,201029CORACG1,29,2010,2010-10-10,16:00,Corinthians - Atlético-GO,3-4,1.41,4.22,7.56,8,Corinthians,3,17,mandante,0,0,-1,0.657621668418774,0.219726671201534,2.19259167645786,-2.19259167645786,2.1278286088545,49,14,16,2,1,1.5,0,,,1053
287,201429INTCOR2,29,2014,2014-10-19,15:00,Internacional - Corinthians,1-2,1.91,3.23,4.33,13,Corinthians,5,3,visitante,3,1,1,0.217034001160929,0.290946509296231,0.942048512779019,2.05795148722098,2.08178476435266,49,13,15,9,0,1.5,0.0460438445018401,,,4018
165,201117SANCTB2,17,2011,2011-08-17,21:50,Santos - Coritiba,2-3,1.97,3.43,3.72,8,Coritiba,9,17,visitante,3,1,1,0.251707015432984,0.272988366592041,1.02810941289099,1.97189058710901,-0.787532061652113,24,7,8,7,0,1.1,0.0511434274582589,,,1878
219,201323FLUCTB2,23,2013,2013-09-21,18:30,Fluminense - Coritiba,1-1,1.63,3.68,5.54,11,Coritiba,12,13,visitante,1,0,0,0.169370732836756,0.254976592368378,0.763088790878647,0.236911209121353,-0.736388634193854,31,7,0,3,1,1.1,0,,,3252
213,201222PORCTB2,22,2012,2012-09-05,19:30,Portuguesa - Coritiba,3-0,1.98,3.42,3.72,10,Coritiba,16,11,visitante,0,0,-3,0.25211097708082,0.274225975070366,1.03055890631283,-1.03055890631283,-6.24010499842128,22,6,-10,3,1,1.10,0,,,2491
124,201513SAOCTB2,13,2015,2015-07-12,11:00,São Paulo - Coritiba,3-1,1.52,3.84,6.73,13,Coritiba,18,5,visitante,0,0,-2,0.139271193234963,0.244087273560234,0.661900853265123,-0.661900853265123,-6.23458440485898,9,2,-9,2,0,1.10,0.00552059356230039,,,4762
163,201417PALCTB2,17,2014,2014-08-23,21:00,Palmeiras - Coritiba,1-0,1.98,3.26,3.92,12,Coritiba,19,16,visitante,0,0,-1,0.239105632028923,0.287513520721895,1.00483041680867,-1.00483041680867,-7.56688499240525,15,3,-4,4,1,1.3,0,,,4044
154,201516CTBGOI1,16,2015,2015-08-02,11:00,Coritiba - Goiás,1-1,1.93,3.21,4.19,13,Coritiba,20,17,mandante,1,0,0,0.484997421741749,0.291602811202983,1.74659507642823,-0.746595076428229,-7.33097342936833,12,2,-9,3,0,1.3,0.23591156303692,,,4765
174,200918CTBCRU1,18,2009,2009-08-09,18:30,Coritiba - Cruzeiro,1-3,2.49,3.27,2.72,8,Coritiba,18,14,mandante,0,0,-2,0.373565173565173,0.284457884457884,1.4051534051534,-1.4051534051534,-5.58025780508964,16,4,-8,1,1,1.4,0,,,245
112,201512CTBPON1,12,2015,2015-07-08,19:30,Coritiba - Ponte Preta,0-0,2.21,3.16,3.38,13,Coritiba,18,10,mandante,1,0,0,0.424950863763318,0.297196648391435,1.57204923968139,-0.57204923968139,-5.57268355159386,9,2,-7,5,0,1.4,0.00757425349577989,,,4761
134,201214CTBFLU1,14,2012,2012-08-05,16:00,Coritiba - Fluminense,0-2,2.53,3.35,2.66,8,Coritiba,14,4,mandante,0,0,-2,0.369501125794587,0.279056074107554,1.38755945149132,-1.38755945149132,-3.99989178448266,15,4,-6,7,0,1.5,0.10163743315796,,,2483
57,20156INTCTB2,6,2015,2015-06-07,11:00,Internacional - Coritiba,2-0,1.59,3.68,5.8,13,Coritiba,18,10,visitante,0,0,-2,0.160671331129247,0.253231989279791,0.735245982667531,-0.735245982667531,-3.8982543513247,3,1,-5,0,1,1.5,0,,,4755
99,201210CTBPAL1,10,2012,2012-07-19,21:00,Coritiba - Palmeiras,1-1,1.8,3.54,4.36,8,Coritiba,15,18,mandante,1,0,0,0.520475882162512,0.264648753641955,1.82607640012949,-0.826076400129492,-5.79465357698749,8,2,-6,1,0,1.6,0.00573770456619993,,,2479
324,201533CTBFIG1,33,2015,2015-10-31,20:00,Coritiba - Figueirense,1-1,2.06,3.16,3.79,13,Coritiba,18,15,mandante,1,0,0,0.455490731514372,0.296933831303673,1.66340602584679,-0.663406025846791,-5.80039128155369,34,8,-15,1,1,1.6,0,,,4782
77,20118CTBFIG1,8,2011,2011-07-07,19:30,Coritiba - Figueirense,3-0,1.66,3.82,4.78,8,Coritiba,12,9,mandante,3,1,3,0.561219095390895,0.243880549305991,1.92753783547868,1.07246216452132,-1.78460534599252,10,3,4,7,0,1.7,0.00582886427298002,,,1869
43,20165CTBCHA1,5,2016,2016-06-01,21:00,Coritiba - Chapecoense,3-4,2.31,3.02,3.27,13,Coritiba,17,6,mandante,0,0,-1,0.404641614731226,0.309510639082494,1.52343548327617,-1.52343548327617,-1.7904342102655,4,1,-3,1,1,1.7,0,,,5552
289,201229PALCTB2,29,2012,2012-10-11,21:00,Palmeiras - Coritiba,0-1,1.95,3.39,3.85,10,Coritiba,14,18,visitante,3,1,1,0.243305912880252,0.27632087451002,1.00623861315078,1.99376138684922,-3.53989945438586,35,10,-6,7,0,1.8,0.000143663884100143,,,2498
172,201618VITCTB2,18,2016,2016-08-03,19:30,Vitória - Coritiba,3-1,2.04,3.27,3.73,14,Coritiba,19,14,visitante,0,0,-2,0.251946021278765,0.287387969226237,1.04322603306253,-1.04322603306253,-3.53975579050176,18,4,-7,3,1,1.8,0,,,5565
253,200926CTBNAU1,26,2009,2009-09-27,16:00,Coritiba - Náutico,2-0,1.65,3.68,5.07,8,Coritiba,15,16,mandante,3,1,2,0.563757172511943,0.252771558327366,1.94404307586319,1.05595692413681,-1.20039184402822,30,8,-5,5,0,1.9,0.0281933420209501,,,253
144,201715PONCTB2,15,2017,2017-07-20,00:00,Ponte Preta - Coritiba,4-0,1.9,3.33,4.25,15,Coritiba,13,14,visitante,0,0,-4,0.221576283948239,0.282792554588594,0.947521406433312,-0.947521406433312,-1.22858518604917,19,5,-4,3,1,1.9,0,,,6398
228,201323SANCRI2,23,2013,2013-09-22,18:30,Santos - Criciúma,2-1,1.62,3.68,5.62,11,Criciúma,17,7,visitante,0,0,-1,0.166769237655115,0.25468562924504,0.754993342210386,-0.754993342210386,-1.87574919749426,24,7,-9,1,1,1.2,0,,,3290
281,201429FLUCRI2,29,2014,2014-10-18,18:30,Fluminense - Criciúma,4-2,1.5,4.03,6.6,13,Criciúma,19,8,visitante,0,0,-2,0.142091530921656,0.232705733023059,0.658980325788026,-0.658980325788026,-1.49629016151293,30,7,-17,6,0,1.2,0.37945903598133,,,4094
69,20137CRIGOI1,7,2013,2013-07-14,18:30,Criciúma - Goiás,0-0,2.07,3.35,3.48,11,Criciúma,16,13,mandante,1,0,0,0.45192877993185,0.27925151476386,1.63503785455941,-0.63503785455941,-1.72543963452857,7,2,-5,4,0,1.4,0.0384351716675,,,3274
164,201417CRIFLA1,17,2014,2014-08-24,16:00,Criciúma - Flamengo,0-2,2.22,3.07,3.45,12,Criciúma,17,11,mandante,0,0,-2,0.42254616830036,0.305554558184625,1.57319306308571,-1.57319306308571,-1.76387480619607,17,4,-14,2,1,1.4,0,,,4082
125,201313PONCRI2,13,2013,2013-08-11,18:30,Ponte Preta - Criciúma,3-1,1.82,3.48,4.29,9,Criciúma,18,13,visitante,0,0,-2,0.21786960021465,0.268580627850818,0.922189428494768,-0.922189428494768,-3.8146638509188,11,3,-10,1,0,1.5,0.196407650663081,,,3280
307,201431VITCRI2,31,2014,2014-10-25,17:30,Vitória - Criciúma,3-1,1.98,3.29,3.88,13,Criciúma,20,16,visitante,0,0,-2,0.24160849794895,0.284936465666239,1.00976195951309,-1.00976195951309,-4.01107150158188,30,7,-20,3,1,1.5,0,,,4096
255,201126CRUVAS1,26,2011,2011-09-25,16:00,Cruzeiro - Vasco,0-3,2.22,3.35,3.1,8,Cruzeiro,16,1,mandante,0,0,-3,0.420377266839378,0.278578367875648,1.53971016839378,-1.53971016839378,-12.4191749479912,29,8,-2,1,1,1.1,0,,,1925
267,201627FLACRU2,27,2016,2016-09-25,16:00,Flamengo - Cruzeiro,2-1,1.83,3.56,4.18,14,Cruzeiro,17,2,visitante,0,0,-1,0.22430022379067,0.263363745911517,0.936264417283526,-0.936264417283526,-12.7695956982632,30,8,-7,1,0,1.1,0.350420750272001,,,5612
220,201123SANCRU2,23,2011,2011-09-10,18:00,Santos - Cruzeiro,1-0,1.91,3.4,3.84,8,Cruzeiro,14,13,visitante,0,0,-1,0.241552722024669,0.27281248605139,0.997470652125396,-0.997470652125396,-9.11070509599385,28,8,2,1,0,1.3,0.0687322324944208,,,1922
210,201521CRUSAN1,21,2015,2015-08-30,18:30,Cruzeiro - Santos,0-1,2.04,3.26,3.71,13,Cruzeiro,16,9,mandante,0,0,-1,0.459636534997378,0.287625316378727,1.66653492137086,-1.66653492137086,-9.04197286349943,22,6,-6,1,1,1.3,0,,,4808
42,20115AMGCRU2,5,2011,2011-06-18,21:00,América-MG - Cruzeiro,1-1,5.68,3.82,1.57,8,Cruzeiro,18,15,visitante,1,0,0,0.592626582105614,0.243566422488433,2.02144616880527,-1.02144616880527,-5.9514944376215,3,0,-2,3,1,1.7,0,,,1904
90,20169GRECRU2,9,2016,2016-06-19,19:00,Grêmio - Cruzeiro,2-0,1.72,3.57,4.89,14,Cruzeiro,19,3,visitante,0,0,-2,0.191836543418155,0.262767702329069,0.838277332583532,-0.838277332583532,-6.12455194727973,8,2,-6,3,0,1.7,0.173057509658229,,,5594
194,201120CRUFIG1,20,2011,2011-08-31,20:30,Cruzeiro - Figueirense,2-4,2.05,3.23,3.67,8,Cruzeiro,11,7,mandante,0,0,-2,0.455942705709044,0.289375401456204,1.65720351858334,-1.65720351858334,-6.72423017786519,27,8,4,6,1,1.8,0,,,1919
279,201528CRUCTB1,28,2015,2015-09-27,18:30,Cruzeiro - Coritiba,2-0,1.45,4.05,7.67,13,Cruzeiro,13,14,mandante,3,1,2,0.646381938303074,0.23142069396036,2.17056650886958,0.829433491130417,-6.44892267203023,36,10,1,8,0,1.8,0.275307505834959,,,4815
176,201518FIGSAO1,18,2015,2015-08-12,22:00,Figueirense - São Paulo,0-2,2.96,3.18,2.41,13,Figueirense,15,4,mandante,0,0,-2,0.316552527447109,0.294652667057686,1.24431024939901,-1.24431024939901,0.303350713191158,20,5,-7,4,1,1.1,0,,,4843
47,20165FIGSAO1,5,2016,2016-06-01,21:45,Figueirense - São Paulo,1-0,2.65,3.06,2.78,13,Figueirense,11,9,mandante,3,1,1,0.354704204680021,0.307178477909168,1.37129109194923,1.62870890805077,0.290272825730395,6,1,0,5,0,1.1,0.013077887460763,,,5628
73,20128FIGVAS1,8,2012,2012-07-08,16:00,Figueirense - Vasco,1-1,2.29,3.28,3.08,8,Figueirense,15,3,mandante,1,0,0,0.409554542948417,0.285938994924352,1.5146026237696,-0.514602623769602,-2.79752534078353,8,1,-2,2,0,1.10,0.17857137287326,,,2553
101,201411FIGGRE1,11,2014,2014-07-19,18:30,Figueirense - Grêmio,0-1,3.52,3.19,2.12,12,Figueirense,18,7,mandante,0,0,-1,0.265687121866897,0.293171996542783,1.09023336214347,-1.09023336214347,-2.97609671365679,7,2,-10,4,1,1.10,0,,,4152
255,201526FIGAVA1,26,2015,2015-09-16,21:00,Figueirense - Avaí,0-1,2.12,3.15,3.61,13,Figueirense,18,16,mandante,0,0,-1,0.442424336742832,0.297758601236446,1.62503161146494,-1.62503161146494,-1.82105316831585,27,7,-15,1,1,1.2,0,,,4851
338,201634CHAFIG2,34,2016,2016-11-06,18:30,Chapecoense - Figueirense,1-0,1.81,3.36,4.61,14,Figueirense,18,10,visitante,0,0,-1,0.203293966632459,0.278924162552273,0.88880606244965,-0.88880606244965,-1.82923782420249,33,7,-15,1,0,1.2,0.00818465588664008,,,5657
114,201112FIGPAL1,12,2011,2011-07-27,21:50,Figueirense - Palmeiras,0-1,2.42,3.17,2.88,8,Figueirense,9,4,mandante,0,0,-1,0.384071079400604,0.293202527491944,1.44541576569376,-1.44541576569376,0.0931764993633633,16,4,-2,3,0,1.3,0.0028712391844421,,,1949
135,201614GREFIG2,14,2016,2016-07-10,11:00,Grêmio - Figueirense,2-1,1.33,4.74,9.75,14,Figueirense,17,3,visitante,0,0,-1,0.0962668755640458,0.198017307331107,0.486817934023244,-0.486817934023244,0.0903052601789212,15,3,-5,2,1,1.3,0,,,5637
41,20155CAPFIG2,5,2015,2015-06-03,19:30,Atlético-PR - Figueirense,1-0,1.62,3.52,5.94,13,Figueirense,16,1,visitante,0,0,-1,0.157377049180328,0.265573770491803,0.737704918032787,-0.737704918032787,-0.8758967986286,4,1,-4,4,0,1.4,0.087098246751754,,,4830
207,201621FIGCRU1,21,2016,2016-08-21,18:30,Figueirense - Cruzeiro,1-2,3.17,3.23,2.28,14,Figueirense,18,16,mandante,0,0,-1,0.296579692401867,0.291070472109572,1.18080954931517,-1.18080954931517,-0.788798551876846,21,4,-7,4,1,1.4,0,,,5643
104,201211CRUFLA2,11,2012,2012-07-22,16:00,Cruzeiro - Flamengo,1-0,1.75,3.62,4.52,7,Flamengo,10,5,visitante,0,0,-1,0.206976090749296,0.258434234858237,0.879362507106125,-0.879362507106125,-0.320299165878314,15,4,-2,3,1,1.1,0,,,2594
285,201529FLAJOI1,29,2015,2015-10-04,11:00,Flamengo - Joinville,2-0,1.39,4.35,8.43,13,Flamengo,7,20,mandante,3,1,2,0.673660367375957,0.215261588655766,2.23624269078364,0.763757309216364,-0.312688683005651,44,14,0,3,0,1.1,0.00761048287266297,,,4892
205,200921AVAFLA2,21,2009,2009-08-23,18:30,Avaí - Flamengo,3-0,1.77,3.53,4.28,7,Flamengo,14,4,visitante,0,0,-3,0.215957362237791,0.261840654497945,0.909712741211319,-0.909712741211319,-4.1087016124484,27,7,-7,3,0,1.11,0.00398703596893935,,,324
182,201719FLAVIT1,19,2017,2017-08-06,14:00,Flamengo - Vitória,0-2,1.3,5.22,9.84,15,Flamengo,5,18,mandante,0,0,-2,0.72403119132597,0.180314281364705,2.35240785534261,-2.35240785534261,-4.11268864841734,29,7,8,4,1,1.11,0,,,6478
157,201016FLACAM1,16,2010,2010-08-26,21:00,Flamengo - Atlético-MG,0-0,1.88,3.36,4.02,8,Flamengo,10,18,mandante,1,0,0,0.493294767288982,0.276010167411693,1.75589446927864,-0.75589446927864,-2.2411192130912,21,5,1,4,1,1.12,0,,,1117
157,201416FLACAM1,16,2014,2014-08-20,22:00,Flamengo - Atlético-MG,2-1,2.66,3.15,2.68,12,Flamengo,13,8,mandante,3,1,1,0.352487285906354,0.297655930320921,1.35511778803998,1.64488221196002,-2.2217852958545,19,5,-9,9,0,1.12,0.0193339172367,,,4195
121,200913FLABAR1,13,2009,2009-07-22,19:30,Flamengo - Barueri,1-1,2,3.33,3.6,8,Flamengo,11,5,mandante,1,0,0,0.463788300835655,0.278551532033426,1.66991643454039,-0.66991643454039,-2.8492504088128,17,4,-3,3,1,1.2,0,,,316
286,201229CORFLA2,29,2012,2012-10-10,22:00,Corinthians - Flamengo,3-2,1.8,3.55,4.45,9,Flamengo,15,7,visitante,0,0,-1,0.21160692110274,0.265253746171041,0.900074509479262,-0.900074509479262,-2.90326817758158,35,9,-10,4,0,1.2,0.0540177687687797,,,2612
216,201322FLACAP1,22,2013,2013-09-19,19:30,Flamengo - Atlético-PR,2-4,2.24,3.24,3.22,11,Flamengo,15,4,mandante,0,0,-2,0.418934112885091,0.289633460760063,1.54643579941534,-1.54643579941534,-5.93199834911089,26,6,-5,4,1,1.4,0,,,3365
135,201414FLASPO1,14,2014,2014-08-10,16:00,Flamengo - Sport,1-0,1.71,3.56,4.93,12,Flamengo,19,8,mandante,3,1,1,0.547287542058144,0.26288249913467,1.9047451253091,1.0952548746909,-5.93274381637564,13,3,-11,6,0,1.4,0.000745467264750665,,,4193
338,201034FLACAP1,34,2010,2010-11-07,18:30,Flamengo - Atlético-PR,0-1,1.86,3.37,4.16,8,Flamengo,13,5,mandante,0,0,-1,0.500239072256913,0.276096342551293,1.77681355932203,-1.77681355932203,-7.45317161993122,40,8,0,3,0,1.6,0.20446152124379,,,1135
104,201411INTFLA2,11,2014,2014-07-20,16:00,Internacional - Flamengo,4-0,1.59,3.71,5.88,12,Flamengo,20,4,visitante,0,0,-4,0.159159159159159,0.252252252252252,0.72972972972973,-0.72972972972973,-7.65763314117501,7,1,-12,1,1,1.6,0,,,4190
214,201022BARFLA2,22,2010,2010-09-15,22:00,Barueri - Flamengo,1-2,2.7,3.2,2.5,7,Flamengo,14,20,visitante,3,1,1,0.36938862761864,0.288584865327063,1.39675074818298,1.60324925181702,-4.85377013600765,26,6,-2,5,0,1.8,0.0129682297862503,,,1123
184,201519PALFLA2,19,2015,2015-08-16,11:00,Palmeiras - Flamengo,4-2,1.96,3.32,3.87,13,Flamengo,13,5,visitante,0,0,-2,0.241536999643663,0.281550659223186,1.00616165815418,-1.00616165815418,-4.8408019062214,23,7,-7,4,1,1.8,0,,,4882
98,200910FLUSTA1,10,2009,2009-07-12,18:30,Fluminense - Santo André,0-1,1.93,3.34,3.91,8,Fluminense,18,10,mandante,0,0,-1,0.482753521933764,0.278956376446756,1.72721694224805,-1.72721694224805,-3.24888261962642,10,2,-5,1,1,1.1,0,,,351
257,201726GREFLU2,26,2017,2017-10-01,19:00,Grêmio - Fluminense,1-0,1.62,3.77,5.69,16,Fluminense,16,3,visitante,0,0,-1,0.166068005383873,0.250643753483882,0.748847769635501,-0.748847769635501,-3.20428242259674,31,7,-2,1,0,1.1,0.0446001970296801,,,6523
270,200927FLAFLU2,27,2009,2009-10-04,18:30,Flamengo - Fluminense,2-0,1.86,3.37,4.01,7,Fluminense,20,6,visitante,0,0,-2,0.230105908481856,0.273805546887906,0.964123272333474,-0.964123272333474,-12.4273228263183,21,4,-19,4,0,1.3,0.151202142430201,,,368
328,201333CORFLU2,33,2013,2013-11-10,18:30,Corinthians - Fluminense,1-0,2.38,3.1,3.12,11,Fluminense,18,12,visitante,0,0,-1,0.301443069832813,0.303387863831734,1.20771707333017,-1.20771707333017,-12.5785249687485,36,9,-7,1,1,1.3,0,,,3414
251,201526FLUPAL1,26,2015,2015-09-16,19:30,Fluminense - Palmeiras,1-4,2.26,3.2,3.2,13,Fluminense,11,6,mandante,0,0,-3,0.414507772020725,0.292746113989637,1.53626943005181,-1.53626943005181,-1.25499679104123,34,10,-6,1,1,1.6,0,,,4927
234,201724CAPFLU2,24,2017,2017-09-17,19:00,Atlético-PR - Fluminense,3-1,1.75,3.51,4.96,16,Fluminense,11,8,visitante,0,0,-2,0.190570890509771,0.269296756959677,0.841009428488991,-0.841009428488991,-1.24821986069414,31,7,0,4,0,1.6,0.00677693034709015,,,6521
46,20135FLUGOI2,5,2013,2013-06-09,18:30,Fluminense - Goiás,2-1,1.78,3.49,4.59,11,Goiás,16,4,visitante,0,0,-1,0.204338601713731,0.268743318586254,0.881759123727448,-0.881759123727448,0.107268919670381,5,1,-5,5,0,1.1,0.007147740638067,,,3424
78,20158JOIGOI2,8,2015,2015-06-21,16:00,Joinville - Goiás,2-1,2.27,3.01,3.36,13,Goiás,14,19,visitante,0,0,-1,0.278051559606894,0.31038313630537,1.14453781512605,-1.14453781512605,0.114416660308448,9,2,0,1,1,1.1,0,,,4947
138,201014GREGOI2,14,2010,2010-08-15,18:30,Grêmio - Goiás,2-0,1.7,3.52,4.87,8,Goiás,19,15,visitante,0,0,-2,0.190540480299566,0.263617084959911,0.83523852585861,-0.83523852585861,-4.19529075452828,13,3,-9,1,0,1.2,0.21164845606472,,,1191
252,201526GOIPON1,26,2015,2015-09-16,19:30,Goiás - Ponte Preta,1-2,1.79,3.47,4.59,13,Goiás,17,12,mandante,0,0,-1,0.524706223418449,0.270669780956491,1.84478845121184,-1.84478845121184,-3.98364229846356,28,7,-1,3,1,1.2,0,,,4965
320,201032PALGOI2,32,2010,2010-10-30,17:30,Palmeiras - Goiás,3-2,1.63,3.59,5.42,8,Goiás,19,10,visitante,0,0,-1,0.171382464320336,0.258744556160508,0.772891949121517,-0.772891949121517,-7.33869818473316,31,8,-17,6,0,1.3,0.00273719002689976,,,1209
309,201531SANGOI2,31,2015,2015-10-18,16:00,Santos - Goiás,3-1,1.49,4,6.87,13,Goiás,18,4,visitante,0,0,-2,0.136458445426925,0.234367380020744,0.643742716301518,-0.643742716301518,-7.34143537476006,31,8,-6,0,1,1.3,0,,,4970
46,20115GREVAS1,5,2011,2011-06-19,16:00,Grêmio - Vasco,1-1,1.88,3.38,4.1,8,Grêmio,10,8,mandante,1,0,0,0.496339593988625,0.276070543401957,1.76508932536783,-0.765089325367831,-0.569424272027085,7,2,0,7,0,1.1,0.00204533086063097,,,2056
49,20135GRESAO1,5,2013,2013-06-12,22:00,Grêmio - São Paulo,1-1,2.08,3.29,3.53,11,Grêmio,7,5,mandante,1,0,0,0.450155624377406,0.284596868907296,1.63506374203951,-0.635063742039513,-0.567378941166454,8,2,1,5,1,1.1,0,,,3462
119,201412GRECTB1,12,2014,2014-07-27,18:30,Grêmio - Coritiba,2-3,1.66,3.52,5.38,12,Grêmio,10,17,mandante,0,0,-1,0.561753224409402,0.264917713783979,1.95017738701219,-1.95017738701219,-0.305760222860216,19,5,2,5,1,1.3,0,,,4305
308,201631SANGRE2,31,2016,2016-10-16,18:30,Santos - Grêmio,1-1,1.59,3.78,5.65,13,Grêmio,8,4,visitante,1,0,0,0.165339319462899,0.247134167980259,0.743152126368956,0.256847873631044,-0.338989806721117,47,13,2,7,0,1.3,0.033229583860901,,,5768
145,201415GRECRI1,15,2014,2014-08-17,16:00,Grêmio - Criciúma,2-0,1.54,3.76,6.61,12,Grêmio,8,15,mandante,3,1,2,0.608807693626695,0.249352087283274,2.07577516816336,0.924224831836642,-1.74325654645265,22,6,1,3,0,1.5,0.00561416350739985,,,4308
243,201625PONGRE2,25,2016,2016-09-14,21:00,Ponte Preta - Grêmio,3-0,2.36,3.08,3.15,14,Grêmio,8,6,visitante,0,0,-3,0.29784304726939,0.304612207434603,1.19814134924277,-1.19814134924277,-1.73764238294525,37,10,1,1,1,1.5,0,,,5762
331,200934GRESAO1,34,2009,2009-11-04,20:50,Grêmio - São Paulo,1-1,2.24,3.34,3.02,8,Grêmio,9,1,mandante,1,0,0,0.414528298785199,0.278007002778097,1.52159189913369,-0.521591899133694,-4.60191382380446,48,13,18,4,1,1.6,0,,,451
185,201119GREINT1,19,2011,2011-08-28,16:00,Grêmio - Internacional,2-1,2.45,3.13,2.89,8,Grêmio,15,8,mandante,3,1,1,0.380156085178632,0.297566264756437,1.43803452029233,1.56196547970767,-4.5443808363248,21,5,-5,6,0,1.6,0.05753298747966,,,2069
314,200932GREAVA1,32,2009,2009-10-28,20:00,Grêmio - Avaí,3-1,1.6,3.68,5.56,8,Grêmio,7,12,mandante,3,1,2,0.580533865988742,0.252406028690757,1.99400762665698,1.00599237334302,-2.76595415318897,47,13,20,6,0,1.8,0.0774956608450399,,,449
60,20117GREAVA1,7,2011,2011-06-29,19:30,Grêmio - Avaí,2-2,1.36,4.6,8.15,8,Grêmio,11,19,mandante,1,0,0,0.683749772022615,0.202152106511034,2.25340142257888,-1.25340142257888,-2.84344981403401,8,2,-1,2,1,1.8,0,,,2058
95,201210CAMINT2,10,2012,2012-07-18,21:50,Atlético-MG - Internacional,3-1,1.72,3.58,4.84,8,Internacional,8,1,visitante,0,0,-2,0.19357678185202,0.261707157587647,0.842437503143705,-0.842437503143705,0.835637122103363,16,4,3,5,1,1.1,0,,,2707
74,20148INTCHA1,8,2014,2014-05-28,21:00,Internacional - Chapecoense,2-0,1.59,3.7,5.98,12,Internacional,4,18,mandante,3,1,2,0.589756165172241,0.253435757465909,2.02270425298263,0.977295747017368,0.834532807660625,15,4,3,5,0,1.1,0.00110431444273806,,,4339
261,201227CRUINT2,27,2012,2012-09-29,18:30,Cruzeiro - Internacional,0-0,2.97,3.2,2.39,10,Internacional,6,9,visitante,1,0,0,0.39191267736894,0.292709780909927,1.46844781301675,-0.468447813016746,-1.40541519046614,41,10,10,6,0,1.4,0.0263535549421301,,,2724
158,201516INTCHA1,16,2015,2015-08-02,16:00,Internacional - Chapecoense,0-0,1.64,3.5,5.86,13,Internacional,10,9,mandante,1,0,0,0.571940078749819,0.267994779757058,1.98381501600651,-0.983815016006514,-1.37906163552401,21,5,-3,8,1,1.4,0,,,5031
269,200927CTBINT2,27,2009,2009-10-04,18:30,Coritiba - Internacional,2-0,2.38,3.24,2.81,7,Internacional,5,15,visitante,0,0,-2,0.328088702060127,0.284546065675604,1.26881217185599,-1.26881217185599,1.6602954838579,44,13,13,1,1,1.5,0,,,482
295,201430FLAINT2,30,2014,2014-10-22,18:30,Flamengo - Internacional,2-0,2.04,3.25,3.74,13,Internacional,5,11,visitante,0,0,-2,0.250997554382803,0.288840262582057,1.04183292573047,-1.04183292573047,1.65161455302662,50,15,7,3,0,1.5,0.00868093083128008,,,4361
339,201234NAUINT2,34,2012,2012-11-04,18:30,Náutico - Internacional,3-0,2.2,3.32,3.22,10,Internacional,6,11,visitante,0,0,-3,0.291246650504019,0.282474161031007,1.15621411254306,-1.15621411254306,-2.60033826367172,51,13,9,6,0,1.6,0.0384083058235603,,,2731
136,201614STCINT2,14,2016,2016-07-10,16:00,Santa Cruz - Internacional,1-0,2.73,3.12,2.63,14,Internacional,9,18,visitante,0,0,-1,0.356338717572198,0.300375265132974,1.36939141784957,-1.36939141784957,-2.63874656949528,20,6,2,0,1,1.6,0,,,5789
41,20095GRENAU2,5,2009,2009-06-04,21:00,Grêmio - Náutico,3-0,1.43,4.12,7.65,8,Náutico,5,8,visitante,0,0,-3,0.121855422334645,0.226260674966028,0.591826941969964,-0.591826941969964,2.77858003991191,8,2,0,7,1,1.2,0,,,498
93,201210NAUPON1,10,2012,2012-07-18,20:30,Náutico - Ponte Preta,3-0,2.17,3.35,3.25,8,Náutico,11,9,mandante,3,1,3,0.43188083857276,0.279755647672504,1.57539816339079,1.42460183660921,2.80713120100492,13,4,-4,6,0,1.2,0.0285511610930098,,,2745
126,200913NAUBOT1,13,2009,2009-07-22,21:50,Náutico - Botafogo,2-2,2.88,3.18,2.39,8,Náutico,20,18,mandante,1,0,0,0.321472984290536,0.291145344263127,1.25556429713474,-0.255564297134736,-3.19580398785937,10,2,-15,2,0,1.4,0.20812548877751,,,506
128,201314CRINAU2,14,2013,2013-08-14,19:30,Criciúma - Náutico,3-0,1.87,3.45,4.15,9,Náutico,20,17,visitante,0,0,-3,0.226134352161797,0.272016684484481,0.950419740969873,-0.950419740969873,-3.40392947663688,8,2,-13,4,1,1.4,0,,,3545
88,20129PALSAO1,9,2012,2012-07-15,18:30,Palmeiras - São Paulo,1-1,2.65,3.16,2.7,8,Palmeiras,19,5,mandante,1,0,0,0.354598728232409,0.297369186650596,1.36116537134782,-0.361165371347824,-6.90723708764754,6,1,-3,4,0,1.3,0.0479215082542295,,,2782
172,201418PALINT1,18,2014,2014-08-30,18:30,Palmeiras - Internacional,0-1,2.78,3.03,2.66,13,Palmeiras,16,2,mandante,0,0,-1,0.337540832565542,0.309690928888517,1.32231342658514,-1.32231342658514,-6.95515859590177,17,5,-10,3,1,1.3,0,,,4387
58,20156FIGPAL2,6,2015,2015-06-07,19:30,Figueirense - Palmeiras,2-1,3.26,3.13,2.25,13,Palmeiras,15,14,visitante,0,0,-1,0.415104164547847,0.298397562374651,1.54371005601819,-1.54371005601819,-3.93176787963083,6,1,0,4,1,1.4,0,,,5097
42,20175CTBPAL2,5,2017,2017-06-07,22:30,Coritiba - Palmeiras,1-0,2.46,3.11,2.97,15,Palmeiras,16,3,visitante,0,0,-1,0.316225432450865,0.301990203980408,1.250666501333,-1.250666501333,-4.12272777790038,4,1,0,1,0,1.4,0.19095989826955,,,6578
225,201123PALINT1,23,2011,2011-09-11,16:00,Palmeiras - Internacional,0-3,1.94,3.37,3.84,8,Palmeiras,8,7,mandante,0,0,-3,0.480566840709739,0.276646786640028,1.71834730876925,-1.71834730876925,-1.17573237324858,34,8,6,2,0,1.5,0.0184422535325401,,,2150
271,201727PALBAH1,27,2017,2017-10-13,00:00,Palmeiras - Bahia,2-2,1.53,3.97,6.53,16,Palmeiras,5,14,mandante,1,0,0,0.617400706373797,0.237940322607534,2.09014244172892,-1.09014244172892,-1.15729011971604,44,13,9,7,1,1.5,0,,,6600
61,20097CAPPAL2,7,2009,2009-06-20,16:10,Atlético-PR - Palmeiras,2-2,2.49,3.29,2.7,7,Palmeiras,4,20,visitante,1,0,0,0.344233363167648,0.282501544240927,1.31520163374387,-0.31520163374387,0.808233018556982,12,3,2,8,1,1.7,0,,,538
155,201516PALCAP1,16,2015,2015-08-02,11:00,Palmeiras - Atlético-PR,0-1,1.48,4.06,6.92,13,Palmeiras,6,5,mandante,0,0,-1,0.633551017462837,0.230949631981527,2.13160268437004,-2.13160268437004,0.807221162004551,28,8,14,7,0,1.7,0.00101185655243108,,,5107
288,201529PONCOR1,29,2015,2015-10-04,16:00,Ponte Preta - Corinthians,2-2,3.07,3.12,2.37,13,Ponte Preta,9,1,mandante,1,0,0,0.304940058642319,0.300053198728179,1.21487337465514,-0.214873374655136,3.96753228868165,41,10,1,10,1,1.1,0,,,5158
182,201619CTBPON2,19,2016,2016-08-07,16:00,Coritiba - Ponte Preta,3-1,1.94,3.28,4.07,14,Ponte Preta,9,16,visitante,0,0,-2,0.230478908745826,0.285990597132777,0.977427323370254,-0.977427323370254,3.86166302553683,27,8,-8,4,0,1.1,0.10586926314482,,,5870
291,201330FLUPON2,30,2013,2013-10-19,16:00,Fluminense - Ponte Preta,1-1,1.71,3.55,5.04,11,Ponte Preta,19,15,visitante,1,0,0,0.186320819866855,0.264523079472943,0.823485539073506,0.176514460926494,-4.07867348749546,30,8,-12,7,0,1.3,0.08075742367686,,,3601
232,201724PONACG1,24,2017,2017-09-17,00:00,Ponte Preta - Atlético-GO,1-3,1.63,3.67,5.82,16,Ponte Preta,15,20,mandante,0,0,-2,0.579975616445051,0.257591350083224,1.99751819941838,-1.99751819941838,-3.9979160638186,28,7,-6,4,1,1.3,0,,,6635
249,201225PONBOT1,25,2012,2012-09-16,18:30,Ponte Preta - Botafogo,0-0,2.26,3.34,3.08,9,Ponte Preta,10,6,mandante,1,0,0,0.414866674194641,0.280718168766434,1.52531819135036,-0.525318191350358,2.93454262472696,33,8,-2,6,1,1.4,0,,,2836
119,201612STCPON2,12,2016,2016-06-30,19:30,Santa Cruz - Ponte Preta,0-3,2.17,3.24,3.37,14,Ponte Preta,11,19,visitante,3,1,3,0.278309747649678,0.28947649678377,1.12440573973281,1.87559426026719,2.94714775621329,17,5,-5,4,0,1.4,0.01260513148633,,,5863
148,201316PONCRU1,16,2013,2013-08-24,18:30,Ponte Preta - Cruzeiro,0-2,3.8,3.4,1.96,9,Ponte Preta,17,1,mandante,0,0,-2,0.24652263983427,0.275525303344185,1.015093222847,-1.015093222847,-3.6909530429415,15,4,-6,3,1,1.6,0,,,3586
261,201728CRUPON2,28,2017,2017-10-07,19:00,Cruzeiro - Ponte Preta,2-1,1.59,3.76,6.28,16,Ponte Preta,17,5,visitante,0,0,-1,0.15105972246086,0.252301876876118,0.7054810442587,-0.7054810442587,-3.79432079132674,31,8,-7,3,0,1.6,0.10336774838524,,,6638
156,201516FIGPON2,16,2015,2015-08-02,16:00,Figueirense - Ponte Preta,3-1,2.19,3.14,3.42,13,Ponte Preta,13,12,visitante,0,0,-2,0.273911380909134,0.29833659958893,1.12007074231633,-1.12007074231633,-1.35391460690763,19,4,-3,2,1,1.7,0,,,5145
189,201719PONVAS1,19,2017,2017-08-06,22:00,Ponte Preta - Vasco,0-0,1.66,3.63,5.44,15,Ponte Preta,15,12,mandante,1,0,0,0.567392840929335,0.259468902463552,1.96164742525156,-0.961647425251556,-1.4410733173072,22,6,-4,7,0,1.7,0.0871587103995699,,,6629
100,200910VITSAN2,10,2009,2009-07-12,18:30,Vitória - Santos,6-2,2.02,3.33,3.57,8,Santos,11,3,visitante,0,0,-4,0.260457444213412,0.279229151904469,1.0606014845447,-1.0606014845447,-1.67536281846402,13,3,-1,4,1,1.1,0,,,617
300,201121SANBOT1,21,2011,2011-10-19,19:30,Santos - Botafogo,2-0,2.17,3.42,3.17,8,Santos,2,1,mandante,3,1,2,0.431211891001802,0.273605205694126,1.56724087869953,1.43275912130047,-1.68824321870869,41,12,-2,6,0,1.1,0.0128804002446701,,,2195
258,200926CAMSAN2,26,2009,2009-09-27,18:30,Atlético-MG - Santos,3-1,2.01,3.33,3.56,8,Santos,12,5,visitante,0,0,-2,0.260402198905216,0.278387936367138,1.05959453308279,-1.05959453308279,-2.96287083874577,36,9,0,4,0,1.3,0.03857251420443,,,633
173,201418BOTSAN2,18,2014,2014-08-31,16:00,Botafogo - Santos,1-0,2.51,3.09,2.91,13,Santos,11,13,visitante,0,0,-1,0.322465169071882,0.303680790290996,1.27107629750664,-1.27107629750664,-2.92429832454134,23,6,4,3,1,1.3,0,,,4425
165,201117SANCTB1,17,2011,2011-08-17,21:50,Santos - Coritiba,2-3,1.97,3.43,3.72,8,Santos,17,9,mandante,0,0,-1,0.475304617974975,0.272988366592041,1.69890222051697,-1.69890222051697,-6.64737264118534,15,4,-7,4,0,1.4,0.15624265175588,,,2180
113,201512GOISAN2,12,2015,2015-07-08,19:30,Goiás - Santos,4-1,2.49,3.03,2.95,13,Santos,17,14,visitante,0,0,-3,0.316622392325221,0.308262725201123,1.25812990217679,-1.25812990217679,-6.80361529294122,10,2,-7,0,1,1.4,0,,,5179
223,201023GUASAN2,23,2010,2010-09-19,16:00,Guarani - Santos,0-0,2.76,3.26,2.44,8,Santos,6,10,visitante,1,0,0,0.379863550391786,0.28431504998649,1.42390570116185,-0.423905701161848,-1.41236700247387,35,10,7,4,1,1.7,0,,,1389
79,20148BAHSAN2,8,2014,2014-05-29,21:00,Bahia - Santos,0-2,2.25,3.08,3.42,12,Santos,11,14,visitante,3,1,2,0.27545252915504,0.305859626529298,1.13221721399442,1.86778278600558,-1.37890930665871,11,2,3,5,0,1.7,0.03345769581516,,,4415
53,20146CRUSPO2,6,2014,2014-05-21,21:00,Cruzeiro - Sport,2-0,1.28,5.27,9.86,11,Sport,11,1,visitante,0,0,-2,0.0945707612374279,0.17693884360551,0.460651127317794,-0.460651127317794,2.98525115519155,7,2,-1,6,0,1.2,0.02438206258664,,,4488
253,201526JOISPO2,26,2015,2015-09-16,19:30,Joinville - Sport,1-1,2.6,3.05,2.82,13,Sport,10,19,visitante,1,0,0,0.332313623601391,0.307253907723254,1.30419477852743,-0.304194778527428,2.96086909260491,37,8,8,5,1,1.2,0,,,5269
248,201225INTSPO2,25,2012,2012-09-16,18:30,Internacional - Sport,2-2,1.35,4.69,8.91,9,Sport,17,7,visitante,1,0,0,0.105265520491987,0.199982044260897,0.515778605736859,0.484221394263141,-2.92896371052335,24,5,-13,5,0,1.3,0.000206981381789983,,,2988
291,201630CHASPO2,30,2016,2016-10-12,11:00,Chapecoense - Sport,3-0,1.93,3.37,3.98,14,Sport,16,11,visitante,0,0,-3,0.235672020899989,0.2783307546534,0.985346817353368,-0.985346817353368,-2.92917069190514,34,9,-9,4,1,1.3,0,,,6033
310,201231SPOPON1,31,2012,2012-10-18,21:00,Sport - Ponte Preta,3-1,2.03,3.41,3.55,10,Sport,17,14,mandante,3,1,2,0.461437888565733,0.274697628676961,1.65901129437416,1.34098870562584,-3.43226311033165,30,7,-20,3,0,1.5,0.18865410054065,,,2994
292,201730CAPSPO2,30,2017,2017-10-22,19:00,Atlético-PR - Sport,2-1,1.84,3.5,4.37,16,Sport,15,9,visitante,0,0,-1,0.21628302178279,0.270044801483084,0.918893866831454,-0.918893866831454,-3.6209172108723,35,9,-7,5,1,1.5,0,,,6755
152,201216SPOFIG1,16,2012,2012-08-11,18:30,Sport - Figueirense,0-1,1.69,3.53,5.26,8,Sport,16,19,mandante,0,0,-1,0.55554126063268,0.265967345741991,1.93259112764003,-1.93259112764003,-4.07761036279569,14,3,-10,1,1,1.8,0,,,2979
133,201614PONSPO2,14,2016,2016-07-09,21:00,Ponte Preta - Sport,2-1,1.84,3.48,4.25,14,Sport,19,7,visitante,0,0,-1,0.220699543655991,0.269532488660334,0.931631119628307,-0.931631119628307,-4.1852629832538,12,3,-5,3,0,1.8,0.10765262045811,,,6017
297,201130ACGSAO2,30,2011,2011-10-16,17:00,Atlético-GO - São Paulo,3-0,2.74,3.27,2.51,8,São Paulo,6,10,visitante,0,0,-3,0.372627875349866,0.286023231537665,1.40390685758726,-1.40390685758726,2.32583135465796,48,13,7,2,1,1.1,0,,,2233
87,20159PALSAO2,9,2015,2015-06-28,16:00,Palmeiras - São Paulo,4-0,2.16,3.2,3.46,13,São Paulo,3,11,visitante,0,0,-4,0.271510275909748,0.293570485827415,1.10810131355666,-1.10810131355666,2.29748968982343,17,5,3,7,0,1.1,0.0283416648345298,,,5214
332,201634SAOCOR1,34,2016,2016-11-05,18:30,São Paulo - Corinthians,4-0,2.1,3.18,3.63,14,São Paulo,12,7,mandante,3,1,4,0.446649951246692,0.29495751497423,1.63490736871431,1.36509263128569,-5.15924932503042,45,12,4,9,0,1.10,0.11260340715973,,,5999
105,201711FLASAO2,11,2017,2017-07-02,19:00,Flamengo - São Paulo,2-0,1.58,3.86,5.82,15,São Paulo,16,3,visitante,0,0,-2,0.161516541488787,0.243530122141124,0.728079746607485,-0.728079746607485,-5.27185273219015,11,3,-1,1,1,1.10,0,,,6698
113,201012SAOCEA1,12,2010,2010-07-31,18:30,São Paulo - Ceará,2-1,1.72,3.48,4.85,8,São Paulo,9,4,mandante,3,1,1,0.540864460225088,0.267323813674469,1.88991719434973,1.11008280565027,-4.71900954795937,15,4,1,4,1,1.11,0,,,1417
233,201624SAOFIG1,24,2016,2016-09-11,11:00,São Paulo - Figueirense,3-1,1.45,4.12,7.55,14,São Paulo,12,17,mandante,3,1,2,0.647670605382333,0.227942324709802,2.1709541408568,0.829045859143199,-4.74887197928819,31,8,1,5,0,1.11,0.0298624313288203,,,5989
52,20096SAOSTA1,6,2009,2009-06-13,18:30,São Paulo - Santo André,1-1,1.5,3.81,6.8,8,São Paulo,12,13,mandante,1,0,0,0.619467756975827,0.24388494369127,2.10228821461875,-1.10228821461875,-3.08482173632339,7,1,2,6,1,1.12,0,,,651
299,201030SAOSAN1,30,2010,2010-10-17,17:30,São Paulo - Santos,4-3,2.21,3.29,3.17,8,São Paulo,9,4,mandante,3,1,1,0.422138031806168,0.283563845073444,1.54997794049195,1.45002205950805,-3.26200205025043,44,12,0,10,0,1.12,0.17718031392704,,,1435
268,201027AVASAO2,27,2010,2010-10-02,21:00,Avaí - São Paulo,0-0,2.45,3.29,2.74,8,São Paulo,11,16,visitante,1,0,0,0.338845893535003,0.282199923491157,1.29873760409617,-0.298737604096166,-7.10893898816765,35,9,-4,4,1,1.13,0,,,1432
312,201732ACGSAO2,32,2017,2017-11-04,21:00,Atlético-GO - São Paulo,0-1,3.7,3.41,2.01,16,São Paulo,9,20,visitante,3,1,1,0.4688922666409,0.276385177697422,1.68306197762012,1.31693802237988,-7.01708554343175,43,12,-1,9,0,1.13,0.0918534447359001,,,6719
75,20118FLASAO2,8,2011,2011-07-06,21:50,Flamengo - São Paulo,1-0,1.73,3.58,4.69,8,São Paulo,5,4,visitante,0,0,-1,0.19916198512411,0.260913326880469,0.8583992822528,-0.8583992822528,3.54007200165695,15,5,0,3,1,1.14,0,,,2211
288,201229VASSAO2,29,2012,2012-10-10,22:00,Vasco - São Paulo,0-2,2.57,3.21,2.73,10,São Paulo,5,4,visitante,3,1,2,0.343321223017092,0.291983470042573,1.32194713909385,1.67805286090615,3.53076193339873,49,15,15,10,0,1.14,0.00931006825822012,,,2954
49,20135GRESAO2,5,2013,2013-06-12,22:00,Grêmio - São Paulo,1-1,2.08,3.29,3.53,11,São Paulo,5,7,visitante,1,0,0,0.265247506715298,0.284596868907296,1.08033938905319,-0.0803393890531914,0.122427615072651,8,2,5,5,1,1.3,0,,,3690
145,201615CORSAO2,15,2016,2016-07-17,16:00,Corinthians - São Paulo,1-1,1.62,3.66,5.81,14,São Paulo,9,2,visitante,1,0,0,0.161973446975906,0.257121783314211,0.743042124241928,0.256957875758072,0.0734748429783858,22,6,2,7,0,1.3,0.0489527720942652,,,5980
256,201226SAOCRU1,26,2012,2012-09-23,16:00,São Paulo - Cruzeiro,1-0,1.54,3.9,6.12,10,São Paulo,5,9,mandante,3,1,1,0.607346789214938,0.239824116766924,2.06186448441174,0.938135515588262,0.818239090096776,42,13,10,7,0,1.6,0.038873078925486,,,2951
283,201529SAOCAP1,29,2015,2015-10-03,21:00,São Paulo - Atlético-PR,1-0,1.74,3.5,4.87,13,São Paulo,5,11,mandante,3,1,1,0.539248563691124,0.268083571663587,1.88582926273696,1.11417073726304,0.857112169022262,46,13,6,5,1,1.6,0,,,5234
335,201534CRUSAO2,34,2015,2015-11-08,16:00,Cruzeiro - São Paulo,2-1,2,3.29,3.84,13,São Paulo,5,10,visitante,0,0,-1,0.244667876372074,0.285569800993545,1.01957343010977,-1.01957343010977,0.0440588828391384,53,15,7,7,1,1.7,0,,,5239
117,201612SAOFLU1,12,2016,2016-06-29,21:45,São Paulo - Fluminense,2-1,1.91,3.31,4.16,14,São Paulo,8,12,mandante,3,1,1,0.491117190314331,0.283393907401925,1.75674547834492,1.24325452165508,-0.0104554230133833,18,5,0,5,0,1.7,0.0545143058525217,,,5977
337,201234VASSPO1,34,2012,2012-11-04,16:00,Vasco - Sport,0-3,1.48,4.2,6.83,10,Vasco,7,17,mandante,0,0,-3,0.63731937507776,0.224579208360734,2.13653733359401,-2.13653733359401,-1.68507837612665,50,14,-1,0,1,1.1,0,,,3035
250,201325VASINT1,25,2013,2013-10-03,21:00,Vasco - Internacional,3-1,3.02,3.32,2.32,11,Vasco,16,9,mandante,3,1,2,0.311394288301691,0.283256250202141,1.21743911510722,1.78256088489278,-1.67155180033408,28,7,-7,4,0,1.1,0.01352657579257,,,3748
293,201030ACGVAS2,30,2010,2010-10-17,15:00,Atlético-GO - Vasco,2-0,2.41,3.24,2.84,8,Vasco,11,16,visitante,0,0,-2,0.327335837413643,0.286924005634181,1.26893151787511,-1.26893151787511,0.0556505582923634,41,9,2,5,0,1.2,0.0273953298023633,,,1473
57,20136INTVAS2,6,2013,2013-07-07,16:00,Internacional - Vasco,5-3,1.5,3.96,6.72,11,Vasco,14,6,visitante,0,0,-2,0.139334571862861,0.236446546191522,0.654450261780105,-0.654450261780105,0.0282552284900001,7,2,-5,4,1,1.2,0,,,3729
306,201331PONVAS2,31,2013,2013-10-27,15:00,Ponte Preta - Vasco,2-1,2.3,3.27,3.09,11,Vasco,18,17,visitante,0,0,-1,0.304096262781868,0.287357018959013,1.19964580730462,-1.19964580730462,-4.21979674310966,33,8,-10,1,1,1.3,0,,,3754
43,20155VASPON1,5,2015,2015-06-03,19:30,Vasco - Ponte Preta,0-3,2.39,3.13,3.02,13,Vasco,18,2,mandante,0,0,-3,0.391394180803359,0.298860093329082,1.47304263573916,-1.47304263573916,-4.13030925988578,3,0,-6,2,0,1.3,0.0894874832238797,,,5286
281,201029VASGRE1,29,2010,2010-10-09,18:30,Vasco - Grêmio,3-3,2.12,3.28,3.35,8,Vasco,12,8,mandante,1,0,0,0.438754811608555,0.283585427015285,1.59984986184095,-0.599849861840949,-0.193165904177326,38,8,2,8,0,1.7,0.007433397270069,,,1471
204,201721BAHVAS2,21,2017,2017-08-20,19:00,Bahia - Vasco,3-0,1.88,3.44,4.19,15,Vasco,16,12,visitante,0,0,-3,0.22488351067529,0.273913345851589,0.94856387787746,-0.94856387787746,-0.200599301447395,25,7,-12,2,1,1.7,0,,,6784
66,20107SANVAS2,7,2010,2010-06-06,16:00,Santos - Vasco,4-0,1.4,4.37,7.9,5,Vasco,19,4,visitante,0,0,-4,0.118334268195973,0.213922361269608,0.568925165857527,-0.568925165857527,-3.3897354030094,5,1,-7,4,1,1.8,0,,,1450
234,201324BAHVAS2,24,2013,2013-09-29,16:00,Bahia - Vasco,0-0,2.21,3.26,3.27,11,Vasco,18,11,visitante,1,0,0,0.287133092880059,0.288013869238587,1.14941314787876,-0.149413147878764,-3.45411268522686,25,6,-9,1,0,1.8,0.06437728221746,,,3747
165,201317VITCRI1,17,2013,2013-09-01,16:00,Vitória - Criciúma,0-1,1.92,3.46,3.88,9,Vitória,10,12,mandante,0,0,-1,0.487862313573858,0.270721283832892,1.73430822455447,-1.73430822455447,2.42625833762511,22,6,-3,3,1,1.10,0,,,3778
255,201726BOTVIT2,26,2017,2017-10-01,19:00,Botafogo - Vitória,2-3,1.73,3.61,4.88,16,Vitória,11,6,visitante,3,1,1,0.193326007212617,0.261338203655837,0.84131622529369,2.15868377470631,2.41861439651058,32,9,-6,7,0,1.10,0.00764394111452971,,,6827
155,201416CTBVIT2,16,2014,2014-08-20,21:00,Coritiba - Vitória,2-0,1.78,3.47,4.59,12,Vitória,19,17,visitante,0,0,-2,0.204022580357467,0.269874248945468,0.88194199001787,-0.88194199001787,-3.33501540965507,15,3,-6,4,1,1.2,0,,,4537
93,201710CAPVIT2,10,2017,2017-06-25,19:00,Atlético-PR - Vitória,4-1,1.77,3.44,4.81,15,Vitória,18,12,visitante,0,0,-3,0.195473997476636,0.273322653448436,0.859744645878346,-0.859744645878346,-3.2897199178947,8,2,-6,4,0,1.2,0.0452954917603701,,,6811
140,201414SAOVIT2,14,2014,2014-08-10,18:30,São Paulo - Vitória,3-1,1.5,4,6.83,12,Vitória,15,5,visitante,0,0,-2,0.137725238149891,0.235165844140939,0.648341558590612,-0.648341558590612,-1.61908743688047,14,3,-4,7,0,1.3,0.08381668284752,,,4535
231,201624VITFLA1,24,2016,2016-09-10,18:30,Vitória - Flamengo,1-2,3.01,3.41,2.27,14,Vitória,18,2,mandante,0,0,-1,0.311653749370911,0.275096124811273,1.21005737292401,-1.21005737292401,-1.70290411972799,26,6,-6,3,1,1.3,0,,,6065
172,200918VITFLU1,18,2009,2009-08-09,16:00,Vitória - Fluminense,2-2,1.81,3.44,4.26,8,Vitória,10,19,mandante,1,0,0,0.512545730534356,0.269682491938135,1.8073196835412,-0.807319683541205,1.64267773143025,25,7,-1,1,1,1.4,0,,,739
98,201610GREVIT2,10,2016,2016-06-23,19:15,Grêmio - Vitória,1-2,1.32,4.87,9.82,14,Vitória,14,3,visitante,3,1,1,0.0956405045362438,0.192852105656245,0.479773619264977,2.52022638073502,1.58561561817331,12,3,-4,4,0,1.4,0.05706211325694,,,6051
129,201013VASVIT2,13,2010,2010-08-08,18:30,Vasco - Vitória,1-0,1.56,3.72,5.79,6,Vitória,16,11,visitante,0,0,-1,0.159540775930325,0.248317498020586,0.72693982581156,-0.72693982581156,-0.76703681684116,14,3,-3,2,1,1.7,0,,,1494
227,201723VITFLU1,23,2017,2017-09-10,19:00,Vitória - Fluminense,2-2,2.21,3.31,3.27,15,Vitória,17,10,mandante,1,0,0,0.42670950700755,0.284902722201415,1.56503124322406,-0.565031243224064,-0.641222549271433,26,7,-8,7,0,1.7,0.125814267569727,,,6824
195,201020VITPAL1,20,2010,2010-09-08,22:00,Vitória - Palmeiras,1-1,2.27,3.26,3.05,8,Vitória,15,12,mandante,1,0,0,0.409738448161472,0.285308674026547,1.51452401851096,-0.514524018510963,-0.801395517682464,23,5,-4,2,1,1.8,0,,,1501
337,201634VITCAP1,34,2016,2016-11-06,16:00,Vitória - Atlético-PR,3-2,1.8,3.36,4.68,14,Vitória,16,6,mandante,3,1,1,0.520743919885551,0.278969957081545,1.8412017167382,1.1587982832618,-0.799522333612793,39,10,-5,4,0,1.8,0.00187318406967096,,,6075
272,201028SAOVIT2,28,2010,2010-10-06,21:50,São Paulo - Vitória,2-0,1.67,3.67,4.97,8,Vitória,15,10,visitante,0,0,-2,0.187607710132328,0.254062757318167,0.816885887715152,-0.816885887715152,-3.22647649553052,31,7,-7,0,1,1.9,0,,,1509
64,20177VITBOT1,7,2017,2017-06-14,22:30,Vitória - Botafogo,2-2,2.25,3.13,3.33,15,Vitória,18,13,mandante,1,0,0,0.417619270852115,0.300205546139699,1.55306335869604,-0.553063358696044,-3.16609835094709,5,1,-3,4,0,1.9,0.0603781445834302,,,6808
