id_jogo,cod,rodada,temporada,data,horario,jogo,placar,odds_mandante,odds_empate,odds_visitante,site_apostas,time,pos_rodada,pos_adv_rodada,condicao,pts,vit,diff_gols,pr_vitoria,pr_empate,e_pontos,surpresa,cum_surpresa,cum_pts,cum_vit,cum_saldo,pts_4,trocou,m,di,tratado,periodo
34,20134VASCAM2,4,2013,2013-06-05,21:00,Vasco - Atlético-MG,2-0,3.51,3.27,2.1,11,Atlético-MG,20,10,visitante,0,0,-2,0.44633045182515,0.286634235117069,1.62562559059252,-1.62562559059252,-3.31693333466192,1,0,-3,,0,1.5,,0,0
44,20132CAMGRE1,2,2013,2013-06-09,18:30,Atlético-MG - Grêmio,2-0,2.04,3.33,3.61,11,Atlético-MG,10,2,mandante,3,1,2,0.459198056450042,0.281310521068494,1.65890469041862,1.34109530958138,-1.97583802508054,4,1,-1,,0,1.5,,0,0
48,20135SANCAM2,5,2013,2013-06-12,19:30,Santos - Atlético-MG,1-0,2.73,3.22,2.56,11,Atlético-MG,17,15,visitante,0,0,-1,0.36593041552538,0.290926044641296,1.38871729121744,-1.38871729121744,-3.36455531629797,4,1,-2,4,0,1.5,,0,0
59,20136CAMCRI1,6,2013,2013-07-07,18:30,Atlético-MG - Criciúma,3-2,1.76,3.59,4.52,11,Atlético-MG,13,17,mandante,3,1,1,0.532019252206528,0.260822808881195,1.85688056550078,1.14311943449922,-2.22143588179876,7,2,-1,6,0,1.5,,0,0
65,20137CORCAM2,7,2013,2013-07-14,16:00,Corinthians - Atlético-MG,0-1,1.54,3.83,6.2,11,Atlético-MG,9,11,visitante,3,1,1,0.150494230994943,0.243619903960482,0.69510259694531,2.30489740305469,0.0834615212559344,10,3,0,9,0,1.5,,0,0
86,20139CRUCAM2,9,2013,2013-07-28,16:00,Cruzeiro - Atlético-MG,4-1,1.73,3.61,4.69,11,Atlético-MG,13,1,visitante,0,0,-3,0.199594757413734,0.259307316418397,0.858091588659599,-0.858091588659599,-0.774630067403665,10,3,-3,6,0,1.5,,0,0
92,201310CAMCAP1,10,2013,2013-07-31,19:30,Atlético-MG - Atlético-PR,1-2,1.6,3.94,5.34,11,Atlético-MG,17,12,mandante,0,0,-1,0.586263779132625,0.238076661576701,1.99686799897458,-1.99686799897458,-2.77149806637824,10,3,-4,6,0,1.5,,0,0
103,201311FLACAM2,11,2013,2013-08-04,16:00,Flamengo - Atlético-MG,3-0,2.26,3.21,3.18,11,Atlético-MG,18,12,visitante,0,0,-3,0.294313811401587,0.291563215033348,1.17450464923811,-1.17450464923811,-3.94600271561635,10,3,-7,3,0,1.5,,0,0
112,201312CAMBOT1,12,2013,2013-08-07,21:50,Atlético-MG - Botafogo,2-2,2.04,3.32,3.62,10,Atlético-MG,16,2,mandante,1,0,0,0.459138141809291,0.282121026894866,1.65953545232274,-0.659535452322738,-4.60553816793909,11,3,-7,1,0,1.5,,0,0
118,201313NAUCAM2,13,2013,2013-08-10,18:30,Náutico - Atlético-MG,0-0,3.48,3.37,2.06,9,Atlético-MG,16,20,visitante,1,0,0,0.453879080135921,0.277445372427299,1.63908261283506,-0.639082612835061,-5.24462078077415,12,3,-7,2,0,1.5,,0,0
127,201314CAMBAH1,14,2013,2013-08-14,19:30,Atlético-MG - Bahia,2-0,1.54,3.83,6.43,9,Atlético-MG,15,9,mandante,3,1,2,0.609165093884578,0.24493844506064,2.07243372671437,0.927566273285626,-4.31705450748852,15,4,-5,5,0,1.5,,0,0
146,201315INTCAM2,15,2013,2013-08-18,18:30,Internacional - Atlético-MG,0-0,2.02,3.38,3.64,9,Atlético-MG,14,8,visitante,1,0,0,0.257804830159042,0.277635970940507,1.05105046141763,-0.0510504614176321,-4.36810496890616,16,4,-5,6,0,1.5,,0,0
151,201316CAMPOR1,16,2013,2013-08-25,16:00,Atlético-MG - Portuguesa,2-1,1.54,3.82,6.47,9,Atlético-MG,12,19,mandante,3,1,1,0.609323997830482,0.24564370593166,2.07361569942311,0.926384300576895,-3.44172066832926,19,5,-4,8,0,1.5,0.0495169652953198,0,
157,201317GOICAM2,17,2013,2013-08-31,18:30,Goiás - Atlético-MG,0-0,2.43,3.24,2.9,9,Atlético-MG,13,9,visitante,1,0,0,0.323784143904064,0.289806795469687,1.26115922718188,-0.261159227181879,-3.70287989551114,20,5,-4,8,0,1.5,,0,1
172,201318CAMFLU1,18,2013,2013-09-04,21:50,Atlético-MG - Fluminense,2-2,1.86,3.42,4.23,9,Atlético-MG,15,16,mandante,1,0,0,0.504140007527286,0.274181407602559,1.78660143018442,-0.786601430184418,-4.48948132569556,21,5,-4,6,0,1.5,,0,1
181,201319VITCAM2,19,2013,2013-09-07,18:30,Vitória - Atlético-MG,1-1,3.07,3.27,2.31,9,Atlético-MG,15,12,visitante,1,0,0,0.406691702823252,0.28729597355404,1.5073710820238,-0.507371082023796,-4.99685240771935,22,5,-4,6,0,1.5,,0,1
196,201320CAMCTB1,20,2013,2013-09-12,21:00,Atlético-MG - Coritiba,3-0,1.55,4.04,5.82,9,Atlético-MG,10,8,mandante,3,1,3,0.606065605039721,0.232525170250388,2.05072198536955,0.949278014630449,-4.0475743930889,25,6,-1,6,0,1.5,,0,1
206,201321GRECAM2,21,2013,2013-09-15,18:30,Grêmio - Atlético-MG,0-1,1.98,3.28,3.91,11,Atlético-MG,10,3,visitante,3,1,1,0.239991131148147,0.28608698865526,1.0060603820997,1.9939396179003,-2.05363477518861,28,7,0,8,0,1.5,,0,1
215,201322SAOCAM2,22,2013,2013-09-18,21:50,São Paulo - Atlético-MG,1-0,2.03,3.3,3.7,11,Atlético-MG,12,14,visitante,0,0,-1,0.253557910673732,0.284292202876609,1.0449659348978,-1.0449659348978,-3.09860071008641,28,7,-1,7,0,1.5,,0,1
226,201323CAMVAS1,23,2013,2013-09-22,18:30,Atlético-MG - Vasco,2-1,1.56,3.89,5.92,11,Atlético-MG,8,18,mandante,3,1,1,0.60076593169225,0.240924126848306,2.04322192192506,0.956778078074945,-2.14182263201147,31,8,0,9,0,1.5,,0,1
229,201325CRICAM2,25,2013,2013-09-25,19:30,Criciúma - Atlético-MG,1-1,3.3,3.29,2.18,11,Atlético-MG,12,18,visitante,1,0,0,0.430437057946652,0.285213612864347,1.5765247867043,-0.576524786704304,-2.71834741871577,32,8,0,7,0,1.5,,0,1
238,201324CAMSAN1,24,2013,2013-09-29,18:30,Atlético-MG - Santos,3-1,1.67,3.8,4.88,11,Atlético-MG,5,9,mandante,3,1,2,0.561265874889527,0.246661581859345,1.93045920652792,1.06954079347208,-1.64880662524369,35,9,2,7,0,1.5,,0,1
249,20138CAMPON1,8,2013,2013-10-03,19:30,Atlético-MG - Ponte Preta,4-0,1.35,4.66,8.59,11,Atlético-MG,1,2,mandante,3,1,4,0.6911523234151,0.200226531461456,2.27368350170676,0.726316498293244,-0.92249012695045,38,10,6,10,0,1.5,,0,1
253,201326CAMCOR1,26,2013,2013-10-06,16:00,Atlético-MG - Corinthians,0-0,2.04,3.22,3.77,11,Atlético-MG,5,9,mandante,1,0,0,0.459843175877874,0.291329217015796,1.67085874464942,-0.670858744649419,-1.59334887159987,39,10,6,8,0,1.5,,0,1
264,201327PONCAM2,27,2013,2013-10-09,21:00,Ponte Preta - Atlético-MG,2-0,2.53,3.22,2.8,11,Atlético-MG,5,19,visitante,0,0,-2,0.335989375830013,0.292164674634794,1.30013280212483,-1.30013280212483,-2.8934816737247,39,10,4,7,0,1.5,,0,1
24,20173CAMPON1,3,2017,2017-05-28,14:00,Atlético-MG - Ponte Preta,2-2,1.5,4.13,6.39,14,Atlético-MG,16,11,mandante,1,0,0,0.625806543405729,0.227290512132832,2.10471014235002,-1.10471014235002,-3.02953123615461,2,0,-1,,0,1.5,,1,0
37,20174PALCAM2,4,2017,2017-06-04,19:00,Palmeiras - Atlético-MG,0-0,1.73,3.68,4.66,15,Atlético-MG,17,13,visitante,1,0,0,0.201615099597809,0.255306077208095,0.86015137600152,0.13984862399848,-2.88968261215613,3,0,-1,,0,1.5,,1,0
41,20175CAMAVA1,5,2017,2017-06-07,22:30,Atlético-MG - Avaí,1-0,1.3,5.14,9.86,15,Atlético-MG,15,17,mandante,3,1,1,0.722144644373643,0.182643587098392,2.34907752021932,0.650922479780679,-2.23876013237546,6,1,0,5,0,1.5,,1,0
57,20176VITCAM2,6,2017,2017-06-11,19:00,Vitória - Atlético-MG,2-0,2.61,3.31,2.64,15,Atlético-MG,16,18,visitante,0,0,-2,0.355988775295761,0.283930624405078,1.35189695029236,-1.35189695029236,-3.59065708266782,6,1,-2,5,0,1.5,,1,0
62,20177CAMCAP1,7,2017,2017-06-14,22:30,Atlético-MG - Atlético-PR,0-1,1.56,3.9,5.99,15,Atlético-MG,17,20,mandante,0,0,-1,0.602252161673034,0.240900864669214,2.04765734968832,-2.04765734968832,-5.63831443235613,6,1,-3,4,0,1.5,,1,0
78,20178SAOCAM2,8,2017,2017-06-18,19:00,São Paulo - Atlético-MG,1-2,1.66,3.75,5.15,15,Atlético-MG,15,14,visitante,3,1,1,0.182623619321432,0.2508031038681,0.798673961832397,2.2013260381676,-3.43698839418853,9,2,-2,6,0,1.5,,1,0
84,20179CAMSPO1,9,2017,2017-06-22,00:45,Atlético-MG - Sport,2-2,1.43,4.41,7.07,15,Atlético-MG,16,17,mandante,1,0,0,0.655082140808613,0.212418925477623,2.17766534790346,-1.17766534790346,-4.61465374209199,10,2,-2,4,0,1.5,,1,0
99,201710CHACAM2,10,2017,2017-06-25,22:00,Chapecoense - Atlético-MG,0-1,1.72,3.71,4.72,14,Atlético-MG,14,13,visitante,3,1,1,0.199345220987917,0.253614405138266,0.851650068102016,2.14834993189798,-2.46630381019401,13,3,-1,7,0,1.5,,1,0
103,201711CAMCRU1,11,2017,2017-07-02,19:00,Atlético-MG - Cruzeiro,3-1,2.37,3.24,3.01,15,Atlético-MG,7,13,mandante,3,1,2,0.39700548343368,0.29040215917834,1.48141860947938,1.51858139052062,-0.947722419673387,16,4,1,10,0,1.5,,1,0
118,201712BOTCAM2,12,2017,2017-07-09,22:00,Botafogo - Atlético-MG,1-1,2.03,3.35,3.69,15,Atlético-MG,8,11,visitante,1,0,0,0.2551523860622,0.281048449125229,1.04650560731183,-0.0465056073118297,-0.994228026985217,17,4,1,8,0,1.5,,1,0
121,201713CAMSAN1,13,2017,2017-07-12,22:30,Atlético-MG - Santos,0-1,1.6,3.79,5.69,15,Atlético-MG,11,3,mandante,0,0,-1,0.587075416994482,0.24784186469424,2.00906811567769,-2.00906811567769,-3.0032961426629,17,4,0,7,0,1.5,,1,0
133,201714ACGCAM2,14,2017,2017-07-16,19:00,Atlético-GO - Atlético-MG,1-2,3.26,3.35,2.18,15,Atlético-MG,10,20,visitante,3,1,1,0.431135218785036,0.28055963491086,1.57396529126597,1.42603470873403,-1.57726143392887,20,5,1,7,0,1.5,,1,0
145,201715CAMBAH1,15,2017,2017-07-20,00:45,Atlético-MG - Bahia,0-2,1.71,3.59,5.03,15,Atlético-MG,11,12,mandante,0,0,-2,0.550574884367597,0.262251546592922,1.91397619969571,-1.91397619969571,-3.49123763362458,20,5,-1,4,1,1.5,0,1,
158,201716CAMVAS1,16,2017,2017-07-23,22:00,Atlético-MG - Vasco,1-2,1.76,3.65,4.57,15,Atlético-MG,13,8,mandante,0,0,-1,0.535529108088238,0.258227734311041,1.86481505857575,-1.86481505857575,-5.35605269220034,20,5,-2,3,0,1.5,,1,1
166,201717CTBCAM2,17,2017,2017-07-30,19:00,Coritiba - Atlético-MG,0-2,2.35,3.23,3.04,15,Atlético-MG,11,17,visitante,3,1,2,0.309138744873481,0.2909541128221,1.21837034744254,1.78162965255746,-3.57442303964288,23,6,0,6,0,1.5,,1,1
172,201718CAMCOR1,18,2017,2017-08-03,00:00,Atlético-MG - Corinthians,0-2,2.15,3.3,3.41,15,Atlético-MG,10,1,mandante,0,0,-2,0.438209466695224,0.285500107089313,1.60012850717498,-1.60012850717498,-5.17455154681787,23,6,-2,3,0,1.5,,1,1
186,201719GRECAM2,19,2017,2017-08-06,19:00,Grêmio - Atlético-MG,2-0,1.64,3.74,5.37,15,Atlético-MG,14,2,visitante,0,0,-2,0.175124628114275,0.251448998121299,0.776822882464125,-0.776822882464125,-5.95137442928199,23,6,-4,3,0,1.5,,1,1
194,201720CAMFLA1,20,2017,2017-08-13,19:00,Atlético-MG - Flamengo,2-0,2.47,3.23,2.86,15,Atlético-MG,11,7,mandante,3,1,2,0.380467955239064,0.290946083418108,1.4323499491353,1.5676500508647,-4.38372437841729,26,7,-2,6,0,1.5,,1,1
209,201721FLUCAM2,21,2017,2017-08-21,23:00,Fluminense - Atlético-MG,2-1,2.24,3.26,3.22,15,Atlético-MG,13,8,visitante,0,0,-1,0.291951192208665,0.28836896899138,1.16422254561737,-1.16422254561737,-5.54794692403466,26,7,-3,3,0,1.5,,1,1
216,201722PONCAM2,22,2017,2017-08-27,19:00,Ponte Preta - Atlético-MG,1-2,2.47,3.13,2.96,16,Atlético-MG,10,13,visitante,3,1,1,0.318059332458418,0.300784544433519,1.25496254180877,1.74503745819123,-3.80290946584344,29,8,-2,6,0,1.5,,1,1
221,201723CAMPAL1,23,2017,2017-09-09,19:00,Atlético-MG - Palmeiras,1-1,2.06,3.33,3.64,15,Atlético-MG,11,4,mandante,1,0,0,0.457759616909749,0.283178621872097,1.65645747260134,-0.656457472601343,-4.45936693844478,30,8,-2,7,0,1.5,,1,1
233,201724AVACAM2,24,2017,2017-09-17,14:00,Avaí - Atlético-MG,1-1,3.69,3.18,2.1,16,Atlético-MG,10,13,visitante,1,0,0,0.44853447089583,0.296202009082152,1.64180542176964,-0.641805421769643,-5.10117236021442,31,8,-2,5,0,1.5,,1,1
248,201725CAMVIT1,25,2017,2017-09-24,22:00,Atlético-MG - Vitória,1-3,1.5,4.3,6.13,16,Atlético-MG,11,16,mandante,0,0,-2,0.627535472812113,0.218907723073993,2.10151414151033,-2.10151414151033,-7.20268650172475,31,8,-4,5,1,1.5,0,1,1
259,201726CAPCAM2,26,2017,2017-10-01,22:00,Atlético-PR - Atlético-MG,0-2,2.18,3.26,3.38,16,Atlético-MG,9,8,visitante,3,1,2,0.278763630658194,0.289024868596533,1.12531576057112,1.87468423942888,-5.32800226229587,34,9,-2,5,0,1.5,,1,1
265,201727CAMSAO1,27,2017,2017-10-12,00:45,Atlético-MG - São Paulo,1-0,2.11,3.41,3.42,16,Atlético-MG,8,17,mandante,3,1,1,0.447281722822022,0.276763763974917,1.61860893244098,1.38139106755902,-3.94661119473685,37,10,-1,7,0,1.5,,1,1
49,20095FLUBOT2,5,2009,2009-06-07,18:30,Fluminense - Botafogo,1-0,2.6,3.19,2.64,8,Botafogo,18,7,visitante,0,0,-1,0.351744728494122,0.291099085650308,1.34633327113267,-1.34633327113267,-4.00085472141533,3,0,-3,2,0,1.2,,1,0
51,20096BOTSAN1,6,2009,2009-06-13,18:30,Botafogo - Santos,2-0,2.5,3.25,2.72,8,Botafogo,16,5,mandante,3,1,2,0.371975594361456,0.286135072585735,1.4020618556701,1.5979381443299,-2.40291657708543,6,1,-1,4,0,1.2,0.1901035437787,1,0
63,20097VITBOT2,7,2009,2009-06-20,16:10,Vitória - Botafogo,4-3,1.99,3.23,3.78,8,Botafogo,18,3,visitante,0,0,-1,0.245713761453862,0.287553566035788,1.02469485039737,-1.02469485039737,-3.4276114274828,6,1,-2,4,0,1.2,,1,0
74,20098BOTGOI1,8,2009,2009-06-27,18:30,Botafogo - Goiás,1-4,1.96,3.32,3.78,8,Botafogo,20,8,mandante,0,0,-3,0.474185357596276,0.279940753279729,1.70249682606856,-1.70249682606856,-5.13010825355136,6,1,-5,3,0,1.2,,1,0
84,20099CAMBOT2,9,2009,2009-07-05,16:00,Atlético-MG - Botafogo,1-1,1.66,3.51,4.95,8,Botafogo,19,2,visitante,1,0,0,0.185453607952104,0.261537139419634,0.817897963275946,0.182102036724054,-4.94800621682731,7,1,-5,4,0,1.2,,1,0
91,200910AVABOT2,10,2009,2009-07-11,18:30,Avaí - Botafogo,1-2,2.4,3.26,2.76,8,Botafogo,17,20,visitante,3,1,1,0.33370867028355,0.282526358890367,1.28365236974102,1.71634763025898,-3.23165858656832,10,2,-4,4,0,1.2,,1,0
118,200912FLABOT2,12,2009,2009-07-19,18:30,Flamengo - Botafogo,2-2,2.23,3.27,3.05,8,Botafogo,17,10,visitante,1,0,0,0.302990389369721,0.28260571485555,1.19157688296471,-0.191576882964711,-3.42323546953303,11,2,-4,5,0,1.2,,1,0
126,200913NAUBOT2,13,2009,2009-07-22,21:50,Náutico - Botafogo,2-2,2.88,3.18,2.39,8,Botafogo,18,20,visitante,1,0,0,0.387381671446337,0.291145344263127,1.45329035860214,-0.453290358602137,-3.87652582813517,12,2,-4,6,0,1.2,,1,0
131,200914BOTINT1,14,2009,2009-07-25,18:30,Botafogo - Internacional,3-2,1.95,3.48,3.64,8,Botafogo,15,4,mandante,3,1,1,0.477085781433608,0.267332549941246,1.69858989424207,1.30141010575793,-2.57511572237724,15,3,-3,8,0,1.2,,1,0
140,200915CTBBOT2,15,2009,2009-07-29,19:30,Coritiba - Botafogo,2-2,2.53,3.16,2.77,7,Botafogo,16,15,visitante,1,0,0,0.336536721094792,0.295002125769802,1.30461228905418,-0.30461228905418,-2.87972801143142,16,3,-3,6,0,1.2,,1,0
150,200916BOTBAR1,16,2009,2009-08-01,18:30,Botafogo - Barueri,2-1,1.77,3.58,4.3,8,Botafogo,13,12,mandante,3,1,1,0.524647599312921,0.259392807481528,1.83333560542029,1.16666439457971,-1.71306361685171,19,4,-2,8,0,1.2,,1,0
161,200917SAOBOT2,17,2009,2009-08-05,21:00,São Paulo - Botafogo,3-1,1.72,3.49,4.89,8,Botafogo,13,5,visitante,0,0,-2,0.190687967166142,0.267181707576629,0.839245609075055,-0.839245609075055,-2.55230922592676,19,4,-4,7,0,1.2,,1,0
168,200918BOTCAP1,18,2009,2009-08-08,18:30,Botafogo - Atlético-PR,0-1,1.64,3.67,5.24,7,Botafogo,15,13,mandante,0,0,-1,0.568232318456884,0.25392397881997,1.95862093419062,-1.95862093419062,-4.51093016011739,19,4,-5,4,1,1.2,0,1,
179,200919PALBOT2,19,2009,2009-08-15,18:30,Palmeiras - Botafogo,1-1,1.58,3.66,5.97,8,Botafogo,15,1,visitante,1,0,0,0.156015281015281,0.254483941983942,0.722529785029785,0.277470214970215,-4.23345994514717,20,4,-5,4,0,1.2,,1,1
188,200920BOTSTA1,20,2009,2009-08-19,19:30,Botafogo - Santo André,1-2,1.58,3.71,5.81,8,Botafogo,18,16,mandante,0,0,-1,0.5889902641495,0.250836824085232,2.01780761653373,-2.01780761653373,-6.2512675616809,20,4,-6,1,0,1.2,,1,1
202,200921CORBOT2,21,2009,2009-08-23,16:00,Corinthians - Botafogo,3-3,2.04,3.2,3.63,7,Botafogo,18,7,visitante,1,0,0,0.255507021746278,0.289840777793434,1.05636184303227,-0.056361843032267,-6.30762940471317,21,4,-6,2,0,1.2,,1,1
210,200911BOTCRU1,11,2009,2009-08-27,21:00,Botafogo - Cruzeiro,1-1,2.05,3.36,3.44,8,Botafogo,5,1,mandante,1,0,0,0.453299030527406,0.276566372792018,1.63646346437424,-0.636463464374235,-6.9440928690874,22,4,-6,3,0,1.2,,1,1
217,200922BOTGRE1,22,2009,2009-08-30,18:30,Botafogo - Grêmio,3-3,2.16,3.31,3.27,8,Botafogo,18,9,mandante,1,0,0,0.432316817446528,0.282116110478701,1.57906656281829,-0.579066562818285,-7.52315943190569,23,4,-6,3,0,1.2,,1,1
224,200923SPOBOT2,23,2009,2009-09-05,18:30,Sport - Botafogo,2-1,2.27,3.23,3.07,8,Botafogo,18,19,visitante,0,0,-1,0.302765401307341,0.287767734369516,1.19606393829154,-1.19606393829154,-8.71922337019723,23,4,-7,3,0,1.2,,1,1
238,200924BOTFLU1,24,2009,2009-09-13,18:30,Botafogo - Fluminense,0-0,1.89,3.34,4.07,8,Botafogo,18,20,mandante,1,0,0,0.492552185429024,0.278719649838579,1.75637620612565,-0.756376206125651,-9.47559957632288,24,4,-7,3,0,1.2,,1,1
249,200925SANBOT2,25,2009,2009-09-20,18:30,Santos - Botafogo,0-0,1.81,3.38,4.22,7,Botafogo,18,12,visitante,1,0,0,0.218340019129466,0.272602035717855,0.927622093106254,0.0723779068937458,-9.40322166942913,25,4,-7,3,0,1.2,,1,1
259,200926BOTVIT1,26,2009,2009-09-27,18:30,Botafogo - Vitória,1-3,1.68,3.65,4.84,8,Botafogo,18,7,mandante,0,0,-2,0.553286646705837,0.254663442867344,1.91452338298485,-1.91452338298485,-11.317745052414,25,4,-9,2,0,1.2,,1,1
265,200927GOIBOT2,27,2009,2009-10-04,16:00,Goiás - Botafogo,1-3,1.7,3.52,4.72,7,Botafogo,17,4,visitante,3,1,2,0.195412508490517,0.262030409112284,0.848267934583834,2.15173206541617,-9.16601298699782,28,5,-7,5,0,1.2,,1,1
278,200928BOTCAM1,28,2009,2009-10-08,21:00,Botafogo - Atlético-MG,3-1,1.99,3.36,3.63,8,Botafogo,16,4,mandante,3,1,2,0.467186835664135,0.276696965170127,1.67825747216253,1.32174252783747,-7.84427045916035,31,6,-5,7,0,1.2,,1,1
287,200929BOTAVA1,29,2009,2009-10-12,16:00,Botafogo - Avaí,2-2,1.72,3.6,4.63,8,Botafogo,16,12,mandante,1,0,0,0.540754486821786,0.258360477037075,1.88062393750243,-0.880623937502433,-8.72489439666279,32,6,-5,7,0,1.2,,1,1
33,20144BOTCRI1,4,2014,2014-05-10,21:00,Botafogo - Criciúma,6-0,1.58,3.8,5.8,11,Botafogo,13,17,mandante,3,1,6,0.592345732100624,0.246291120189207,2.02332831649108,0.976671683508923,-1.3891351701843,4,1,2,,0,1.2,,0,0
41,20145GOIBOT2,5,2014,2014-05-14,22:00,Goiás - Botafogo,2-0,3.46,3.24,2.14,11,Botafogo,15,3,visitante,0,0,-2,0.438790687479451,0.289818540495687,1.60619060293404,-1.60619060293404,-2.99532577311833,4,1,0,4,0,1.2,,0,0
56,20146GREBOT2,6,2014,2014-05-21,22:00,Grêmio - Botafogo,2-1,1.74,3.54,4.81,11,Botafogo,17,2,visitante,0,0,-1,0.195193368064798,0.265220367342282,0.850800471536677,-0.850800471536677,-3.84612624465501,4,1,-1,3,0,1.2,,0,0
67,20147BOTVIT1,7,2014,2014-05-25,18:30,Botafogo - Vitória,1-1,1.78,3.65,4.34,12,Botafogo,17,15,mandante,1,0,0,0.526923281620054,0.256965326379095,1.83773517123926,-0.837735171239256,-4.68386141589427,5,1,-1,4,0,1.2,,0,0
71,20148PALBOT2,8,2014,2014-05-28,19:30,Palmeiras - Botafogo,0-2,2.32,3.16,3.13,12,Botafogo,13,9,visitante,3,1,2,0.299433089905079,0.29659037069712,1.19488964041236,1.80511035958764,-2.87875105630663,8,2,1,4,0,1.2,,0,0
84,20149CORBOT2,9,2014,2014-06-01,16:00,Corinthians - Botafogo,1-1,1.7,3.47,5.29,12,Botafogo,14,3,visitante,1,0,0,0.177422605065522,0.270479994465882,0.802747809662449,0.197252190337551,-2.68149886596907,9,2,1,5,0,1.2,,0,0
93,201410SPOBOT2,10,2014,2014-07-16,19:30,Sport - Botafogo,1-0,2.3,3.24,3.11,12,Botafogo,15,5,visitante,0,0,-1,0.30192776746862,0.289813381736854,1.19559668414271,-1.19559668414271,-3.87709555011179,9,2,0,5,0,1.2,,0,0
103,201411BOTCTB1,11,2014,2014-07-19,21:00,Botafogo - Coritiba,1-0,2.12,3.27,3.47,12,Botafogo,14,19,mandante,3,1,1,0.442621032388427,0.286959201426136,1.61482229859142,1.38517770140858,-2.49191784870321,12,3,1,7,0,1.2,,0,0
118,201412FLABOT2,12,2014,2014-07-27,18:30,Flamengo - Botafogo,1-0,2.69,3.14,2.61,12,Botafogo,14,18,visitante,0,0,-1,0.356955402761285,0.296704968537246,1.3675711768211,-1.3675711768211,-3.85948902552431,12,3,0,4,0,1.2,,0,0
120,201413BOTCRU1,13,2014,2014-08-02,18:30,Botafogo - Cruzeiro,1-1,3.04,3.34,2.28,12,Botafogo,16,1,mandante,1,0,0,0.308307692307692,0.280615384615385,1.20553846153846,-0.205538461538462,-4.06502748706277,13,3,0,4,0,1.2,,0,0
134,201414CAPBOT2,14,2014,2014-08-10,16:00,Atlético-PR - Botafogo,2-0,2.18,3.33,3.26,12,Botafogo,17,7,visitante,0,0,-2,0.287820157005789,0.281769883435096,1.14523035445246,-1.14523035445246,-5.21025784151523,13,3,-2,4,0,1.2,,0,0
148,201415BOTFLU1,15,2014,2014-08-17,18:30,Botafogo - Fluminense,2-0,3.78,3.32,1.99,12,Botafogo,12,4,mandante,3,1,2,0.247644179229795,0.281956324544766,1.02488886223415,1.97511113776585,-3.23514670374938,16,4,0,4,0,1.2,,0,0
151,201416FIGBOT2,16,2014,2014-08-20,19:30,Figueirense - Botafogo,1-0,2.42,3.22,2.92,12,Botafogo,16,14,visitante,0,0,-1,0.321187740095296,0.291263416483933,1.25482663676982,-1.25482663676982,-4.4899733405192,16,4,-1,4,0,1.2,0.0209568195981893,0,
162,201417BOTCHA1,17,2014,2014-08-23,18:30,Botafogo - Chapecoense,1-0,1.81,3.34,4.65,12,Botafogo,14,15,mandante,3,1,1,0.51782255133715,0.28061641255097,1.83408406656242,1.16591593343758,-3.32405740708162,19,5,0,6,0,1.2,,0,1
173,201418BOTSAN1,18,2014,2014-08-31,16:00,Botafogo - Santos,1-0,2.51,3.09,2.91,13,Botafogo,13,11,mandante,3,1,1,0.373854040637122,0.303680790290996,1.42524291220236,1.57475708779764,-1.74930031928398,22,6,1,9,0,1.2,,0,1
184,201419CAMBOT2,19,2014,2014-09-07,16:00,Atlético-MG - Botafogo,1-0,1.61,3.76,5.61,13,Botafogo,14,7,visitante,0,0,-1,0.167322198052478,0.249648279541064,0.751614873698496,-0.751614873698496,-2.50091519298248,22,6,0,6,0,1.2,,0,1
196,201420BOTSAO1,20,2014,2014-09-10,22:00,Botafogo - São Paulo,2-4,5.35,3.76,1.63,13,Botafogo,14,2,mandante,0,0,-2,0.175282351359777,0.249404409514576,0.775251463593906,-0.775251463593906,-3.27616665657639,22,6,-2,6,0,1.2,,0,1
206,201421INTBOT2,21,2014,2014-09-14,16:00,Internacional - Botafogo,2-0,1.51,3.88,6.68,13,Botafogo,15,3,visitante,0,0,-2,0.139948404356965,0.240942098222817,0.660787311293713,-0.660787311293713,-3.9369539678701,22,6,-4,3,0,1.2,,0,1
215,201422BOTBAH1,22,2014,2014-09-17,22:00,Botafogo - Bahia,2-3,1.74,3.4,5.09,12,Botafogo,17,16,mandante,0,0,-1,0.539487384112773,0.276090602457713,1.89455275479603,-1.89455275479603,-5.83150672266613,22,6,-5,0,0,1.2,,0,1
222,201423CRIBOT2,23,2014,2014-09-20,21:00,Criciúma - Botafogo,1-1,1.9,3.39,4.19,12,Botafogo,16,19,visitante,1,0,0,0.22516176619672,0.278297286243144,0.953782584833305,0.0462174151666954,-5.78528930749944,23,6,-5,1,0,1.2,,0,1
238,201424BOTGOI1,24,2014,2014-09-25,19:30,Botafogo - Goiás,1-0,1.99,3.32,3.78,13,Botafogo,15,11,mandante,3,1,1,0.470399496225439,0.281956324544766,1.69315481322108,1.30684518677892,-4.47844412072052,26,7,-4,4,0,1.2,,0,1
247,201425BOTGRE1,25,2014,2014-09-28,16:00,Botafogo - Grêmio,0-2,2.89,2.99,2.55,13,Botafogo,16,5,mandante,0,0,-2,0.322592246277782,0.311803207940732,1.27957994677408,-1.27957994677408,-5.7580240674946,26,7,-6,4,0,1.2,,0,1
256,201426VITBOT2,26,2014,2014-10-04,16:20,Vitória - Botafogo,2-1,1.68,3.64,5.14,13,Botafogo,19,17,visitante,0,0,-1,0.182761506276151,0.258075313807531,0.806359832635983,-0.806359832635983,-6.56438390013058,26,7,-7,4,0,1.2,,0,1
261,201427BOTPAL1,27,2014,2014-10-08,19:30,Botafogo - Palmeiras,0-1,2.42,3.32,2.83,13,Botafogo,20,13,mandante,0,0,-1,0.386991012661356,0.28208381043388,1.44305684841795,-1.44305684841795,-8.00744074854853,26,7,-8,3,0,1.2,,0,1
271,201428BOTCOR1,28,2014,2014-10-11,18:30,Botafogo - Corinthians,1-0,4.54,3.37,1.82,13,Botafogo,19,6,mandante,3,1,1,0.206539601293103,0.278246228448276,0.897865032327586,2.10213496767241,-5.90530578087612,29,8,-7,3,0,1.2,,0,1
49,20115CTBINT1,5,2011,2011-06-19,18:30,Coritiba - Internacional,1-1,2.08,3.45,3.33,8,Coritiba,16,13,mandante,1,0,0,0.448929111520111,0.270658710713574,1.61744604527391,-0.617446045273906,-3.00670550021311,4,1,0,4,0,1.1,,0,0
52,20116CRUCTB2,6,2011,2011-06-25,21:00,Cruzeiro - Coritiba,2-1,1.58,3.79,5.63,8,Coritiba,18,16,visitante,0,0,-1,0.165322614042014,0.245584780226,0.741552622352041,-0.741552622352041,-3.74825812256515,4,1,-1,4,0,1.1,,0,0
65,20117CTBCEA1,7,2011,2011-06-30,19:30,Coritiba - Ceará,3-1,1.48,4.09,6.37,8,Coritiba,14,16,mandante,3,1,2,0.627274937942558,0.226984574121023,2.1088093879487,0.891190612051302,-2.85706751051385,7,2,1,4,0,1.1,,0,0
77,20118CTBFIG1,8,2011,2011-07-07,19:30,Coritiba - Figueirense,3-0,1.66,3.82,4.78,8,Coritiba,12,9,mandante,3,1,3,0.561219095390895,0.243880549305991,1.92753783547868,1.07246216452132,-1.78460534599252,10,3,4,7,0,1.1,0.00582886427298002,0,0
85,20119GRECTB2,9,2011,2011-07-10,16:00,Grêmio - Coritiba,2-0,1.93,3.36,3.86,8,Coritiba,14,11,visitante,0,0,-2,0.24103299856528,0.276901004304161,1,-1,-2.78460534599252,10,3,2,6,0,1.1,,0,0
91,201110CTBFLU1,10,2011,2011-07-16,18:30,Coritiba - Fluminense,3-1,1.69,3.62,4.89,8,Coritiba,11,12,mandante,3,1,2,0.551738110006015,0.257579393897836,1.91279372391588,1.08720627608412,-1.6973990699084,13,4,4,9,0,1.1,,0,0
106,201111BAHCTB2,11,2011,2011-07-24,16:00,Bahia - Coritiba,0-0,2.66,3.27,2.54,8,Coritiba,14,16,visitante,1,0,0,0.36607969562802,0.284355482230939,1.382594569115,-0.382594569114998,-2.0799936390234,14,4,4,7,0,1.1,,0,0
113,201112CTBSAO1,12,2011,2011-07-27,21:50,Coritiba - São Paulo,3-4,2.04,3.37,3.47,8,Coritiba,12,2,mandante,0,0,-1,0.455946973389219,0.276003509113949,1.64384442928161,-1.64384442928161,-3.72383806830501,14,4,3,4,0,1.1,,0,0
125,201113AMGCTB2,13,2011,2011-07-31,18:30,América-MG - Coritiba,1-3,3.21,3.26,2.18,8,Coritiba,11,20,visitante,3,1,2,0.42592351399313,0.284820018559823,1.56259056053921,1.43740943946079,-2.28642862884422,17,5,5,7,0,1.1,,0,0
132,201114CTBPAL1,14,2011,2011-08-03,21:50,Coritiba - Palmeiras,1-1,2,3.45,3.54,8,Coritiba,10,5,mandante,1,0,0,0.466269614019013,0.270301225518268,1.66911006757531,-0.669110067575306,-2.95553869641953,18,5,5,5,0,1.1,,0,0
138,201115FLACTB2,15,2011,2011-08-06,18:30,Flamengo - Coritiba,1-0,1.68,3.56,4.99,8,Coritiba,10,1,visitante,0,0,-1,0.186153060843366,0.260928026294493,0.819387208824591,-0.819387208824591,-3.77492590524412,18,5,4,4,0,1.1,,0,0
154,201116CTBCAM1,16,2011,2011-08-14,16:00,Coritiba - Atlético-MG,3-0,1.61,3.82,5.32,8,Coritiba,10,17,mandante,3,1,3,0.580013585327846,0.244455987533464,1.984496743517,1.015503256483,-2.75942264876112,21,6,7,7,0,1.1,,0,0
165,201117SANCTB2,17,2011,2011-08-17,21:50,Santos - Coritiba,2-3,1.97,3.43,3.72,8,Coritiba,9,17,visitante,3,1,1,0.251707015432984,0.272988366592041,1.02810941289099,1.97189058710901,-0.787532061652113,24,7,8,7,0,1.1,0.0511434274582589,0,
173,201118AVACTB2,18,2011,2011-08-21,16:00,Avaí - Coritiba,0-0,3.03,3.34,2.26,8,Coritiba,10,19,visitante,1,0,0,0.412793069129236,0.279315070728166,1.51769427811587,-0.517694278115874,-1.30522633976799,25,7,8,7,0,1.1,,0,1
181,201119CTBCAP1,19,2011,2011-08-27,18:00,Coritiba - Atlético-PR,1-1,1.74,3.52,4.7,8,Coritiba,9,17,mandante,1,0,0,0.536327917320435,0.26511664094817,1.87410039290947,-0.874100392909475,-2.17932673267746,26,7,8,8,0,1.1,,0,1
192,201120ACGCTB2,20,2011,2011-08-31,20:30,Atlético-GO - Coritiba,3-1,2.54,3.29,2.67,8,Coritiba,12,9,visitante,0,0,-2,0.349316757723836,0.283488067818432,1.33143834098994,-1.33143834098994,-3.5107650736674,26,7,6,5,0,1.1,,0,1
204,201121CTBCOR1,21,2011,2011-09-04,16:00,Coritiba - Corinthians,1-0,2.07,3.33,3.44,8,Coritiba,9,3,mandante,3,1,1,0.449768543058059,0.279585851090144,1.62889148026432,1.37110851973568,-2.13965655393172,29,8,7,5,0,1.1,,0,1
217,201122VASCTB2,22,2011,2011-09-08,20:30,Vasco - Coritiba,2-0,1.73,3.52,4.76,8,Coritiba,10,3,visitante,0,0,-2,0.195935597626739,0.264958364972522,0.85276515785274,-0.85276515785274,-2.99242171178446,29,8,5,4,0,1.1,,0,1
222,201123CTBBOT1,23,2011,2011-09-11,16:00,Coritiba - Botafogo,5-0,2.02,3.43,3.51,8,Coritiba,9,4,mandante,3,1,5,0.462017568433616,0.272091979077523,1.65814468437837,1.34185531562163,-1.65056639616283,32,9,10,6,0,1.1,,0,1
238,201124INTCTB2,24,2011,2011-09-18,18:00,Internacional - Coritiba,1-1,1.91,3.4,3.94,8,Coritiba,9,7,visitante,1,0,0,0.236874165614946,0.274495356624379,0.985117853469218,0.0148821465307818,-1.63568424963205,33,9,10,7,0,1.1,,0,1
244,201125CTBCRU1,25,2011,2011-09-22,20:30,Coritiba - Cruzeiro,2-1,1.72,3.54,4.85,8,Coritiba,9,15,mandante,3,1,1,0.543326223583694,0.263989012588687,1.89396768333977,1.10603231666023,-0.529651932971815,36,10,11,7,0,1.1,,0,1
258,201126CEACTB2,26,2011,2011-09-25,18:00,Ceará - Coritiba,3-2,2.44,3.25,2.82,8,Coritiba,9,14,visitante,0,0,-1,0.3307501730912,0.286989380959134,1.27923990023273,-1.27923990023273,-1.80889183320455,36,10,10,7,0,1.1,,0,1
264,201127FIGCTB2,27,2011,2011-10-02,16:00,Figueirense - Coritiba,0-0,2.34,3.26,2.95,8,Coritiba,10,11,visitante,1,0,0,0.315896705371784,0.285857448112504,1.23354756422786,-0.233547564227857,-2.04243939743241,37,10,10,5,0,1.1,,0,1
279,201128CTBGRE1,28,2011,2011-10-09,18:00,Coritiba - Grêmio,2-0,1.77,3.52,4.53,8,Coritiba,8,10,mandante,3,1,2,0.528103172474093,0.265551879340666,1.84986139676294,1.15013860323706,-0.892300794195351,40,11,12,7,0,1.1,,0,1
289,201129FLUCTB2,29,2011,2011-10-13,20:30,Fluminense - Coritiba,3-1,1.97,3.33,3.84,8,Coritiba,10,6,visitante,0,0,-2,0.243760241675678,0.281092891301682,1.01237361632871,-1.01237361632871,-1.90467441052407,40,11,10,4,0,1.1,,0,1
100,201311CRUCTB2,11,2013,2013-08-03,18:30,Cruzeiro - Coritiba,1-0,1.55,3.91,6.07,11,Coritiba,4,3,visitante,0,0,-1,0.154593943784484,0.239996224749826,0.703778056103278,-0.703778056103278,3.51262695662606,20,5,5,5,0,1.1,,1,0
115,201312GRECTB2,12,2013,2013-08-08,21:00,Grêmio - Coritiba,0-1,1.73,3.49,5,10,Coritiba,3,9,visitante,3,1,1,0.187869698204912,0.26915429542251,0.832763390037246,2.16723660996275,5.67986356658881,23,6,6,7,0,1.1,,1,0
120,201313CTBVAS1,13,2013,2013-08-11,16:00,Coritiba - Vasco,0-1,1.61,3.88,5.3,9,Coritiba,3,10,mandante,0,0,-1,0.581827647281843,0.241428482506126,1.98691142435165,-1.98691142435165,3.69295214223716,23,6,5,6,0,1.1,,1,0
131,201314CTBPOR1,14,2013,2013-08-14,21:00,Coritiba - Portuguesa,1-1,1.75,3.57,4.66,9,Coritiba,3,18,mandante,1,0,0,0.535982499267044,0.262736519248551,1.87068401704968,-0.870684017049683,2.82226812518747,24,6,5,4,0,1.1,,1,0
140,201315CORCTB2,15,2013,2013-08-18,16:00,Corinthians - Coritiba,1-0,1.53,3.78,6.89,9,Coritiba,5,4,visitante,0,0,-1,0.136499776961149,0.248805149011194,0.658304479894641,-0.658304479894641,2.16396364529283,24,6,4,4,0,1.1,,1,0
150,201316CRICTB2,16,2013,2013-08-24,21:00,Criciúma - Coritiba,2-1,2.38,3.24,2.97,9,Coritiba,6,16,visitante,0,0,-1,0.315999114848418,0.289665855277716,1.23766319982297,-1.23766319982297,0.926300445469864,24,6,3,1,0,1.1,,1,0
164,201317CTBINT1,17,2013,2013-09-01,16:00,Coritiba - Internacional,0-0,2.62,3.24,2.66,9,Coritiba,6,7,mandante,1,0,0,0.357960492432423,0.289461879683009,1.36334335698028,-0.363343356980279,0.562957088489585,25,6,3,2,0,1.1,,1,0
175,201318BOTCTB2,18,2013,2013-09-05,19:30,Botafogo - Coritiba,3-1,1.69,3.61,5.06,9,Coritiba,8,2,visitante,0,0,-2,0.185331223096762,0.259771742069146,0.815765411359432,-0.815765411359432,-0.252808322869847,25,6,1,1,0,1.1,,1,0
184,201319CTBSAO1,19,2013,2013-09-08,16:00,Coritiba - São Paulo,2-0,2.91,3.16,2.46,9,Coritiba,7,18,mandante,3,1,2,0.322184368239127,0.296695098599955,1.26324820331734,1.73675179668266,1.48394347381282,28,7,3,4,0,1.1,,1,0
196,201320CAMCTB2,20,2013,2013-09-12,21:00,Atlético-MG - Coritiba,3-0,1.55,4.04,5.82,9,Coritiba,8,10,visitante,0,0,-3,0.161409224709891,0.232525170250388,0.716752844380062,-0.716752844380062,0.767190629432756,28,7,0,4,0,1.1,,1,0
202,201321CTBBAH1,21,2013,2013-09-15,16:00,Coritiba - Bahia,2-2,1.75,3.38,4.96,11,Coritiba,7,14,mandante,1,0,0,0.534595246143151,0.276787479511987,1.88057321794144,-0.880573217941441,-0.113382588508685,29,7,0,4,0,1.1,,1,0
211,201322CTBGOI1,22,2013,2013-09-18,21:00,Coritiba - Goiás,2-2,1.77,3.51,4.66,11,Coritiba,8,9,mandante,1,0,0,0.530756875152105,0.267646629350207,1.85991725480652,-0.859917254806522,-0.973299843315207,30,7,0,5,0,1.1,,1,0
219,201323FLUCTB2,23,2013,2013-09-21,18:30,Fluminense - Coritiba,1-1,1.63,3.68,5.54,11,Coritiba,12,13,visitante,1,0,0,0.169370732836756,0.254976592368378,0.763088790878647,0.236911209121353,-0.736388634193854,31,7,0,3,1,1.1,0,1,
232,201324NAUCTB2,24,2013,2013-09-28,18:30,Náutico - Coritiba,3-0,3.13,3.25,2.29,11,Coritiba,14,20,visitante,0,0,-3,0.410467785995876,0.28922191690171,1.52062527488934,-1.52062527488934,-2.25701390908319,31,7,-3,3,0,1.1,,1,1
247,201325CTBFLA1,25,2013,2013-10-02,21:50,Coritiba - Flamengo,0-2,2.54,3.03,2.93,11,Coritiba,15,10,mandante,0,0,-2,0.369661438273173,0.309881205681142,1.41886552050066,-1.41886552050066,-3.67587942958385,31,7,-5,2,0,1.1,,1,1
254,201326CAPCTB2,26,2013,2013-10-06,16:00,Atlético-PR - Coritiba,2-1,1.87,3.37,4.23,11,Coritiba,15,3,visitante,0,0,-1,0.221374850265745,0.277868135496766,0.941992686294003,-0.941992686294003,-4.61787211587786,31,7,-6,1,0,1.1,,1,1
261,201327CTBSAN1,27,2013,2013-10-09,19:30,Coritiba - Santos,1-0,2.17,3.29,3.34,11,Coritiba,15,10,mandante,3,1,1,0.433036330032275,0.285619707042564,1.58472869713939,1.41527130286061,-3.20260081301724,34,8,-5,3,0,1.1,,1,1
272,201328VITCTB2,28,2013,2013-10-12,18:30,Vitória - Coritiba,2-1,1.91,3.35,4.05,11,Coritiba,16,6,visitante,0,0,-1,0.230980271826435,0.279244806237929,0.972185621717236,-0.972185621717236,-4.17478643473448,34,8,-6,3,0,1.1,,1,1
284,201329PONCTB2,29,2013,2013-10-16,21:00,Ponte Preta - Coritiba,1-0,2.04,3.36,3.59,11,Coritiba,16,19,visitante,0,0,-1,0.261215530251063,0.279096355238487,1.06274294599168,-1.06274294599168,-5.23752938072616,34,8,-7,3,0,1.1,,1,1
299,201330CTBCRU1,30,2013,2013-10-20,17:30,Coritiba - Cruzeiro,2-1,3,3.27,2.36,11,Coritiba,14,1,mandante,3,1,1,0.313615527162782,0.287720667121818,1.22856724861016,1.77143275138984,-3.46609662933632,37,9,-6,6,0,1.1,,1,1
308,201331CTBGRE1,31,2013,2013-10-27,17:30,Coritiba - Grêmio,4-0,2.42,3.03,3.11,11,Coritiba,13,3,mandante,3,1,4,0.388075990132649,0.30994848056799,1.47417645096594,1.52582354903406,-1.94027308030226,40,10,-2,6,0,1.1,,1,1
312,201332VASCTB2,32,2013,2013-11-02,18:30,Vasco - Coritiba,2-1,1.98,3.36,3.8,11,Coritiba,13,17,visitante,0,0,-1,0.24690478311214,0.279237552329206,1.01995190166563,-1.01995190166563,-2.96022498196788,40,10,-3,6,0,1.1,,1,1
322,201333PORCTB2,33,2013,2013-11-09,18:30,Portuguesa - Coritiba,0-0,2.06,3.32,3.58,11,Coritiba,13,14,visitante,1,0,0,0.262042330150654,0.282563717451608,1.06869070790357,-0.0686907079035695,-3.02891568987145,41,10,-3,7,0,1.1,,1,1
335,201334CTBCOR1,34,2013,2013-11-13,20:50,Coritiba - Corinthians,0-1,2.43,3,3.13,11,Coritiba,14,10,mandante,0,0,-1,0.386644102133337,0.313181722728003,1.47311402912801,-1.47311402912801,-4.50202971899947,41,10,-4,4,0,1.1,,1,1
342,201335CTBCRI1,35,2013,2013-11-16,20:00,Coritiba - Criciúma,1-2,1.68,3.62,5.17,11,Coritiba,17,14,mandante,0,0,-1,0.558958981680037,0.259406378238249,1.93628332327836,-1.93628332327836,-6.43831304227783,41,10,-5,,1,1.1,,1,1
136,201514FLUVAS1,14,2015,2015-07-19,16:00,Fluminense - Vasco,1-2,1.67,3.59,5.26,13,Fluminense,3,18,mandante,0,0,-1,0.560955829711641,0.260946026634663,1.94381351576959,-1.94381351576959,7.04089692946557,27,8,5,7,0,1.6,,1,0
144,201515CHAFLU2,15,2015,2015-07-26,11:00,Chapecoense - Fluminense,2-1,2.14,3.17,3.5,13,Fluminense,7,9,visitante,0,0,-1,0.267407208854971,0.295244552363533,1.09746617892845,-1.09746617892845,5.94343075053713,27,8,4,6,0,1.6,,1,0
153,201516FLUGRE1,16,2015,2015-08-01,18:30,Fluminense - Grêmio,1-0,2.13,3.13,3.59,13,Fluminense,3,8,mandante,3,1,1,0.439787399756559,0.299280243284815,1.61864244255449,1.38135755744551,7.32478830798264,30,9,5,6,0,1.6,,1,0
161,201517AVAFLU2,17,2015,2015-08-08,18:30,Avaí - Fluminense,1-0,2.43,3.18,2.94,13,Fluminense,4,16,visitante,0,0,-1,0.31903983353151,0.294961355529132,1.25208085612366,-1.25208085612366,6.07270745185897,30,9,4,3,0,1.6,,1,0
177,201518INTFLU2,18,2015,2015-08-12,22:00,Internacional - Fluminense,1-0,2.03,3.25,3.72,13,Fluminense,5,11,visitante,0,0,-1,0.251437739861504,0.287799505318399,1.04211272490291,-1.04211272490291,5.03059472695606,30,9,3,3,0,1.6,,1,0
187,201519FLUFIG1,19,2015,2015-08-16,16:00,Fluminense - Figueirense,2-1,1.66,3.56,5.49,13,Fluminense,4,15,mandante,3,1,1,0.565399769725232,0.263641465658395,1.95984077483409,1.04015922516591,6.07075395212197,33,10,4,6,0,1.6,,1,0
199,201520JOIFLU2,20,2015,2015-08-23,16:00,Joinville - Fluminense,2-1,2.55,3.08,2.83,13,Fluminense,4,19,visitante,0,0,-1,0.330181738688101,0.303381272885496,1.2939264889498,-1.2939264889498,4.77682746317217,33,10,3,3,0,1.6,,1,0
206,201521FLUCAM1,21,2015,2015-08-30,16:00,Fluminense - Atlético-MG,1-2,2.77,3.25,2.5,13,Fluminense,7,2,mandante,0,0,-1,0.337802723209646,0.287911859474067,1.301320029103,-1.301320029103,3.47550743406916,33,10,2,3,0,1.6,,1,0
216,201522CORFLU2,22,2015,2015-09-02,22:00,Corinthians - Fluminense,2-0,1.76,3.42,4.87,13,Fluminense,7,1,visitante,0,0,-2,0.192640290855091,0.274315267972015,0.852236140537288,-0.852236140537288,2.62327129353188,33,10,0,3,0,1.6,,1,0
227,201523FLUFLA1,23,2015,2015-09-06,16:00,Fluminense - Flamengo,1-3,3.27,3.19,2.24,13,Fluminense,9,6,mandante,0,0,-2,0.286952296429561,0.294148592264785,1.15500548155347,-1.15500548155347,1.46826581197841,33,10,-2,0,0,1.6,,1,0
236,201524CTBFLU2,24,2015,2015-09-09,22:00,Coritiba - Fluminense,1-1,2.18,3.13,3.46,13,Fluminense,9,17,visitante,1,0,0,0.270812827432926,0.299364978568027,1.1118034608668,-0.111803460866804,1.3564623511116,34,10,-2,1,0,1.6,,1,0
250,201525SPOFLU2,25,2015,2015-09-13,18:30,Sport - Fluminense,1-0,2.07,3.3,3.55,13,Fluminense,11,10,visitante,0,0,-1,0.263801193303597,0.283786132190233,1.07518971210103,-1.07518971210103,0.281272639010579,34,10,-3,1,0,1.6,,1,0
251,201526FLUPAL1,26,2015,2015-09-16,19:30,Fluminense - Palmeiras,1-4,2.26,3.2,3.2,13,Fluminense,11,6,mandante,0,0,-3,0.414507772020725,0.292746113989637,1.53626943005181,-1.53626943005181,-1.25499679104123,34,10,-6,1,1,1.6,0,1,
263,201527PONFLU2,27,2015,2015-09-19,21:00,Ponte Preta - Fluminense,3-1,2.48,3.15,2.9,13,Fluminense,12,10,visitante,0,0,-2,0.323625668006131,0.297941091180248,1.26881809519864,-1.26881809519864,-2.52381488623988,34,10,-8,1,0,1.6,,1,1
271,201528FLUGOI1,28,2015,2015-09-26,18:30,Fluminense - Goiás,2-0,1.87,3.36,4.23,13,Fluminense,12,16,mandante,3,1,2,0.5003432361359,0.278464836778016,1.77949454518572,1.22050545481428,-1.30330943142559,37,11,-6,3,0,1.6,,1,1
289,201529SANFLU2,29,2015,2015-10-04,16:00,Santos - Fluminense,3-1,1.52,3.92,6.59,13,Fluminense,12,4,visitante,0,0,-2,0.142518178339074,0.239590508993494,0.667145044010716,-0.667145044010716,-1.97045447543631,37,11,-8,3,0,1.6,,1,1
297,201530FLUSAO1,30,2015,2015-10-14,22:00,Fluminense - São Paulo,2-0,2.31,3.22,3.08,13,Fluminense,11,5,mandante,3,1,2,0.405286343612335,0.290748898678414,1.50660792951542,1.49339207048458,-0.477062404951727,40,12,-6,6,0,1.6,,1,1
303,201531CRUFLU2,31,2015,2015-10-18,10:00,Cruzeiro - Fluminense,2-0,1.71,3.51,5.08,13,Fluminense,12,11,visitante,0,0,-2,0.184568123322171,0.267124235463427,0.820828605429939,-0.820828605429939,-1.29789101038167,40,12,-8,6,0,1.6,,1,1
311,201532FLUCAP1,32,2015,2015-10-24,16:00,Fluminense - Atlético-PR,0-1,1.94,3.3,4.03,13,Fluminense,13,12,mandante,0,0,-1,0.483262594842873,0.284099828483386,1.73388761301201,-1.73388761301201,-3.03177862339367,40,12,-9,3,0,1.6,,1,1
329,201533VASFLU2,33,2015,2015-11-01,17:00,Vasco - Fluminense,0-1,2.29,3.14,3.2,13,Fluminense,12,20,visitante,3,1,1,0.292698216277385,0.298291175824086,1.17638582465624,1.82361417534376,-1.20816444804991,43,13,-8,6,0,1.6,,1,1
334,201534FLUCHA1,34,2015,2015-11-07,20:00,Fluminense - Chapecoense,2-3,1.98,3.21,4.04,13,Fluminense,13,14,mandante,0,0,-1,0.47462614462329,0.292760051823712,1.71663848569358,-1.71663848569358,-2.92480293374349,43,13,-9,3,0,1.6,,1,1
347,201535GREFLU2,35,2015,2015-11-19,18:30,Grêmio - Fluminense,1-0,1.51,3.92,6.93,13,Fluminense,14,3,visitante,0,0,-1,0.135920145307251,0.240287399739604,0.648047835661357,-0.648047835661357,-3.57285076940485,43,13,-10,,0,1.6,,1,1
359,201536FLUAVA1,36,2015,2015-11-22,18:30,Fluminense - Avaí,3-1,2.07,3.22,3.69,13,Fluminense,14,17,mandante,3,1,2,0.453754940711462,0.291699604743083,1.65296442687747,1.34703557312253,-2.22581519628232,46,14,-8,,0,1.6,,1,1
362,201537FLUINT1,37,2015,2015-11-28,18:30,Fluminense - Internacional,1-1,3.33,3.31,2.16,13,Fluminense,13,5,mandante,1,0,0,0.281872050526913,0.283575204910762,1.1291913564915,-0.129191356491502,-2.35500655277382,47,14,-8,,0,1.6,,1,1
374,201538FIGFLU2,38,2015,2015-12-06,16:00,Figueirense - Fluminense,1-0,1.34,4.75,9.41,13,Fluminense,13,16,visitante,0,0,-1,0.0999656049214803,0.19803712469708,0.497933939461521,-0.497933939461521,-2.85294049223534,47,14,-9,,0,1.6,,1,1
115,201712BAHFLU2,12,2017,2017-07-09,19:00,Bahia - Fluminense,1-1,2.13,3.41,3.34,15,Fluminense,8,16,visitante,1,0,0,0.281884898843089,0.276098405318451,1.12175310184772,-0.121753101847719,0.526125886692954,17,4,1,6,0,1.6,,0,0
123,201713FLUBOT1,13,2017,2017-07-13,00:00,Fluminense - Botafogo,0-1,2.07,3.27,3.64,15,Fluminense,11,9,mandante,0,0,-1,0.454192662125809,0.287516455841108,1.65009444221853,-1.65009444221853,-1.12396855552558,17,4,0,3,0,1.6,,0,0
139,201714CTBFLU2,14,2017,2017-07-16,22:00,Coritiba - Fluminense,1-2,2.05,3.38,3.59,15,Fluminense,10,12,visitante,3,1,1,0.262236637436749,0.278529446271577,1.06523935858183,1.93476064141817,0.810792085892595,20,5,1,5,0,1.6,,0,0
148,201715FLUCRU1,15,2017,2017-07-20,22:30,Fluminense - Cruzeiro,1-1,2.46,3.23,2.86,15,Fluminense,9,8,mandante,1,0,0,0.381424654819317,0.290496795930501,1.43477076038845,-0.434770760388452,0.376021325504143,21,5,1,5,0,1.6,,0,0
155,201716FLUCOR1,16,2017,2017-07-23,19:00,Fluminense - Corinthians,0-1,2.78,3.18,2.56,15,Fluminense,12,1,mandante,0,0,-1,0.337820566022077,0.295327413063325,1.30878911112955,-1.30878911112955,-0.932767785625411,21,5,0,4,0,1.6,,0,0
171,201718SPOFLU2,18,2017,2017-08-02,22:30,Sport - Fluminense,2-2,1.81,3.58,4.31,15,Fluminense,14,6,visitante,1,0,0,0.218096510684703,0.262568704204209,0.916858236258318,0.0831417637416823,-0.849626021883729,22,5,0,5,0,1.6,,0,0
181,201719FLUACG1,19,2017,2017-08-05,22:00,Fluminense - Atlético-GO,3-1,1.58,3.95,5.58,15,Fluminense,10,20,mandante,3,1,2,0.59412265758092,0.237649063032368,2.02001703577513,0.979982964224872,0.130356942341143,25,6,2,5,0,1.6,,0,0
190,201717PONFLU2,17,2017,2017-08-09,23:00,Ponte Preta - Fluminense,0-0,2.16,3.3,3.36,15,Fluminense,7,12,visitante,1,0,0,0.279819106840023,0.284906726964387,1.12436404748445,-0.124364047484454,0.00599289485668886,26,6,2,5,0,1.6,,0,0
199,201720SANFLU2,20,2017,2017-08-14,23:00,Santos - Fluminense,0-0,1.99,3.42,3.71,15,Fluminense,10,3,visitante,1,0,0,0.253221167619778,0.274693137973501,1.03435664083283,-0.0343566408328342,-0.0283637459761453,27,6,2,6,0,1.6,,0,0
209,201721FLUCAM1,21,2017,2017-08-21,23:00,Fluminense - Atlético-MG,2-1,2.24,3.26,3.22,15,Fluminense,8,13,mandante,3,1,1,0.419679838799955,0.28836896899138,1.54740848539125,1.45259151460875,1.42422776863261,30,7,3,8,0,1.6,,0,0
211,201722FLUVAS1,22,2017,2017-08-26,19:00,Fluminense - Vasco,0-1,2.03,3.29,3.8,16,Fluminense,9,12,mandante,0,0,-1,0.464849951849249,0.286822310715494,1.68137216626324,-1.68137216626324,-0.257144397630633,30,7,2,5,0,1.6,,0,0
227,201723VITFLU2,23,2017,2017-09-10,19:00,Vitória - Fluminense,2-2,2.21,3.31,3.27,15,Fluminense,10,17,visitante,1,0,0,0.288387770791035,0.284902722201415,1.15006603457452,-0.15006603457452,-0.407210432205154,31,7,2,5,0,1.6,,0,0
234,201724CAPFLU2,24,2017,2017-09-17,19:00,Atlético-PR - Fluminense,3-1,1.75,3.51,4.96,16,Fluminense,11,8,visitante,0,0,-2,0.190570890509771,0.269296756959677,0.841009428488991,-0.841009428488991,-1.24821986069414,31,7,0,4,0,1.6,0.00677693034709015,0,
247,201725FLUPAL1,25,2017,2017-09-24,19:00,Fluminense - Palmeiras,0-1,3.08,3.24,2.33,16,Fluminense,12,4,mandante,0,0,-1,0.305576244292607,0.290486059389268,1.20721479226709,-1.20721479226709,-2.45543465296123,31,7,-1,1,0,1.6,,0,1
257,201726GREFLU2,26,2017,2017-10-01,19:00,Grêmio - Fluminense,1-0,1.62,3.77,5.69,16,Fluminense,16,3,visitante,0,0,-1,0.166068005383873,0.250643753483882,0.748847769635501,-0.748847769635501,-3.20428242259674,31,7,-2,1,0,1.6,0.0446001970296801,0,1
268,201727FLAFLU2,27,2017,2017-10-12,20:00,Flamengo - Fluminense,1-1,1.6,3.88,5.61,16,Fluminense,16,7,visitante,1,0,0,0.168007187936391,0.242917609361638,0.746939173170811,0.253060826829189,-2.95122159576755,32,7,-2,1,0,1.6,,0,1
276,201728FLUAVA1,28,2017,2017-10-15,19:00,Fluminense - Avaí,1-0,1.64,3.66,5.69,16,Fluminense,12,18,mandante,3,1,1,0.575933228980569,0.258068441401129,1.98586812834284,1.01413187165716,-1.93708972411038,35,8,-1,4,0,1.6,,0,1
290,201729FLUSAO1,29,2017,2017-10-19,23:45,Fluminense - São Paulo,3-1,2.65,3.25,2.66,16,Fluminense,11,15,mandante,3,1,2,0.355666179828441,0.290004731244729,1.35700327073005,1.64299672926995,-0.294092994840435,38,9,1,7,0,1.6,,0,1
298,201730CHAFLU2,30,2017,2017-10-22,21:00,Chapecoense - Fluminense,2-0,1.99,3.41,3.79,16,Fluminense,13,11,visitante,0,0,-2,0.249006491290516,0.276755015246643,1.02377448911819,-1.02377448911819,-1.31786748395863,38,9,-1,7,0,1.6,,0,1
304,201731FLUBAH1,31,2017,2017-10-29,19:00,Fluminense - Bahia,1-1,2.05,3.32,3.68,16,Fluminense,14,13,mandante,1,0,0,0.459868411147413,0.28395489242536,1.6635601258676,-0.663560125867598,-1.98142760982622,39,9,-1,7,0,1.6,,0,1
313,201732BOTFLU2,32,2017,2017-11-04,21:00,Botafogo - Fluminense,1-2,1.99,3.29,3.95,16,Fluminense,13,6,visitante,3,1,1,0.238918224580431,0.286847108538815,1.00360178228011,1.99639821771989,0.0149706078936698,42,10,0,7,0,1.6,,0,1
330,201733FLUCTB1,33,2017,2017-11-09,23:00,Fluminense - Coritiba,2-2,1.93,3.38,4.05,16,Fluminense,12,15,mandante,1,0,0,0.488388770162225,0.27887287763701,1.74403918812369,-0.744039188123687,-0.729068580230017,43,10,0,5,0,1.6,,0,1
339,201734CRUFLU2,34,2017,2017-11-12,21:00,Cruzeiro - Fluminense,3-1,1.69,3.61,5.28,16,Fluminense,14,5,visitante,0,0,-2,0.178991283530244,0.261793345440356,0.798767196031087,-0.798767196031087,-1.5278357762611,43,10,-2,5,0,1.6,,0,1
344,201735CORFLU2,35,2017,2017-11-15,23:45,Corinthians - Fluminense,3-1,1.55,3.89,6.33,16,Fluminense,15,1,visitante,0,0,-2,0.149006417939587,0.242470597829713,0.689489851648474,-0.689489851648474,-2.21732562790958,43,10,-4,,0,1.6,,0,1
359,201736FLUPON1,36,2017,2017-11-20,19:00,Fluminense - Ponte Preta,2-0,1.82,3.44,4.6,16,Fluminense,14,17,mandante,3,1,2,0.51955556722965,0.274881143127315,1.83354784481626,1.16645215518374,-1.05087347272584,46,11,-2,,0,1.6,,0,1
135,200914SANFLA1,14,2009,2009-07-26,16:00,Santos - Flamengo,1-2,1.94,3.37,3.8,8,Santos,12,9,mandante,0,0,-1,0.479341812710082,0.275941577643192,1.71396701577344,-1.71396701577344,-4.09328917401109,17,4,-2,4,0,1.3,,0,0
141,200915NAUSAN2,15,2009,2009-07-29,19:30,Náutico - Santos,1-2,2.6,3.3,2.57,7,Santos,12,20,visitante,3,1,1,0.361369666849177,0.281430316303753,1.36553931685128,1.63446068314872,-2.45882849086237,20,5,-1,6,0,1.3,,0,0
162,200917CTBSAN2,17,2009,2009-08-05,21:50,Coritiba - Santos,0-1,2.82,3.21,2.44,8,Santos,12,17,visitante,3,1,1,0.380898280693782,0.289530157287485,1.43222499936883,1.56777500063117,-0.891053490231202,23,6,0,9,0,1.3,,0,0
170,200918SANAVA1,18,2009,2009-08-08,18:30,Santos - Avaí,2-2,1.73,3.47,4.51,7,Santos,12,7,mandante,1,0,0,0.531306972307003,0.264887914147295,1.8588088310683,-0.858808831068304,-1.74986232129951,24,6,0,7,0,1.3,,0,0
187,200919CRUSAN2,19,2009,2009-08-16,18:30,Cruzeiro - Santos,0-0,1.82,3.45,4.19,8,Santos,12,14,visitante,1,0,0,0.221401043007302,0.268889962376985,0.933093091398892,0.066906908601108,-1.6829554126984,25,6,0,8,0,1.3,,0,0
189,200920SANGRE1,20,2009,2009-08-19,19:30,Santos - Grêmio,1-0,2.06,3.27,3.49,8,Santos,11,9,mandante,3,1,1,0.450404335008031,0.283740957222185,1.63495396224628,1.36504603775372,-0.317909374944677,28,7,1,8,0,1.3,,0,0
207,200921GOISAN2,21,2009,2009-08-23,18:30,Goiás - Santos,2-1,1.92,3.33,3.89,7,Santos,11,2,visitante,0,0,-1,0.238423931891662,0.278519247765335,0.993791043440321,-0.993791043440321,-1.311700418385,28,7,0,5,0,1.3,,0,0
208,200916SANINT1,16,2009,2009-08-26,21:00,Santos - Internacional,3-3,1.99,3.39,3.53,8,Santos,5,2,mandante,1,0,0,0.464951918406994,0.272936376881982,1.66779213210296,-0.667792132102963,-1.97949255048796,29,7,0,5,0,1.3,,0,0
215,200922SANFLU1,22,2009,2009-08-30,16:00,Santos - Fluminense,2-0,1.66,3.53,5.2,8,Santos,10,20,mandante,3,1,2,0.558819768751636,0.262787766608418,1.93924707286333,1.06075292713667,-0.918739623351289,32,8,2,7,0,1.3,,0,0
221,200923CORSAN2,23,2009,2009-09-02,21:50,Corinthians - Santos,2-1,2.23,3.22,3.16,8,Santos,10,6,visitante,0,0,-1,0.294255530148427,0.288772507847524,1.1715390982928,-1.1715390982928,-2.09027872164409,32,8,1,4,0,1.3,,0,0
235,200924SANSTA1,24,2009,2009-09-13,16:00,Santos - Santo André,1-0,1.58,3.66,5.79,8,Santos,9,17,mandante,3,1,1,0.586655371736097,0.253255597634709,2.013221712843,0.986778287157,-1.10350043448709,35,9,2,7,0,1.3,,0,0
249,200925SANBOT1,25,2009,2009-09-20,18:30,Santos - Botafogo,0-0,1.81,3.38,4.22,7,Santos,12,18,mandante,1,0,0,0.509057945152679,0.272602035717855,1.79977587117589,-0.799775871175891,-1.90327630566299,36,9,2,7,0,1.3,,0,0
258,200926CAMSAN2,26,2009,2009-09-27,18:30,Atlético-MG - Santos,3-1,2.01,3.33,3.56,8,Santos,12,5,visitante,0,0,-2,0.260402198905216,0.278387936367138,1.05959453308279,-1.05959453308279,-2.96287083874577,36,9,0,4,0,1.3,0.03857251420443,0,
267,200927SANPAL1,27,2009,2009-10-04,16:00,Santos - Palmeiras,1-3,2.44,3.23,2.73,7,Santos,13,1,mandante,0,0,-2,0.377473748196727,0.285150447554184,1.41757169214436,-1.41757169214436,-4.38044253089013,36,9,-2,4,0,1.3,,0,1
272,200928SPOSAN2,28,2009,2009-10-07,19:30,Sport - Santos,0-1,1.93,3.37,3.82,8,Santos,11,19,visitante,3,1,1,0.24314301628779,0.275610184634824,1.00503923349819,1.99496076650181,-2.38548176438833,39,10,-1,4,0,1.3,,0,1
290,200929SANVIT1,29,2009,2009-10-12,16:00,Santos - Vitória,0-0,1.87,3.37,4.03,8,Santos,13,10,mandante,1,0,0,0.495315309401111,0.2748485544748,1.76079448267813,-0.760794482678133,-3.14627624706646,40,10,-1,4,0,1.3,,0,1
292,200930BARSAN2,30,2009,2009-10-17,18:30,Barueri - Santos,0-0,2.01,3.32,3.53,8,Santos,13,12,visitante,1,0,0,0.261816298586399,0.278376968075298,1.0638258638345,-0.0638258638344951,-3.21010211090096,41,10,-1,5,0,1.3,,0,1
307,200931SANSAO1,31,2009,2009-10-25,15:00,Santos - São Paulo,3-4,2.81,3.25,2.43,8,Santos,13,4,mandante,0,0,-1,0.331016878822045,0.286202285996907,1.27925292246304,-1.27925292246304,-4.489355033364,41,10,-2,5,0,1.3,,0,1
311,200932CAPSAN2,32,2009,2009-10-28,18:30,Atlético-PR - Santos,1-1,2.17,3.23,3.3,7,Santos,13,14,visitante,1,0,0,0.282293760144347,0.288411581571624,1.13529286200466,-0.135292862004664,-4.62464789536866,42,10,-2,3,0,1.3,,0,1
322,200933FLASAN2,33,2009,2009-10-31,17:30,Flamengo - Santos,1-0,1.7,3.47,4.68,7,Santos,13,4,visitante,0,0,-1,0.196015231968526,0.264366364729885,0.852412060635463,-0.852412060635463,-5.47705995600413,42,10,-3,2,0,1.3,,0,1
332,200934SANNAU1,34,2009,2009-11-07,17:30,Santos - Náutico,3-1,1.71,3.56,4.72,8,Santos,12,19,mandante,3,1,2,0.542703959692526,0.26068083457141,1.88879271364899,1.11120728635101,-4.36585266965311,45,11,-1,4,0,1.3,,0,1
350,200935INTSAN2,35,2009,2009-11-15,18:30,Internacional - Santos,3-1,1.62,3.65,5.45,8,Santos,12,4,visitante,0,0,-2,0.170725721462703,0.254919227937461,0.767096392325571,-0.767096392325571,-5.13294906197869,45,11,-3,,0,1.3,,0,1
356,200936SANCTB1,36,2009,2009-11-22,16:00,Santos - Coritiba,4-0,1.87,3.4,4,8,Santos,12,14,mandante,3,1,4,0.495662949194548,0.272614622057001,1.75960346964064,1.24039653035936,-3.89255253161933,48,12,1,,0,1.3,,0,1
362,200937AVASAN2,37,2009,2009-11-29,16:00,Avaí - Santos,2-2,2.22,3.25,3.13,8,Santos,11,9,visitante,1,0,0,0.296473140725096,0.285526440144477,1.17494586231976,-0.174945862319764,-4.06749839393909,49,12,1,,0,1.3,,0,1
378,200938SANCRU1,38,2009,2009-12-06,16:00,Santos - Cruzeiro,1-2,2.67,3.3,2.51,8,Santos,12,4,mandante,0,0,-1,0.348088099950831,0.281634917232945,1.32589921708544,-1.32589921708544,-5.39339761102453,49,12,0,,0,1.3,,0,1
57,20146GOISAN2,6,2014,2014-05-22,19:30,Goiás - Santos,2-2,2.01,3.28,3.79,12,Santos,13,6,visitante,1,0,0,0.247459828315548,0.285936813815831,1.02831629876248,-0.0283162987624759,-2.61598669847342,7,1,1,5,0,1.3,,1,0
64,20147SANFLA1,7,2014,2014-05-25,16:00,Santos - Flamengo,0-0,2.1,3.23,3.57,12,Santos,13,16,mandante,1,0,0,0.446749654218534,0.29045643153527,1.63070539419087,-0.630705394190871,-3.24669209266429,8,1,1,5,0,1.3,,1,0
79,20148BAHSAN2,8,2014,2014-05-29,21:00,Bahia - Santos,0-2,2.25,3.08,3.42,12,Santos,11,14,visitante,3,1,2,0.27545252915504,0.305859626529298,1.13221721399442,1.86778278600558,-1.37890930665871,11,2,3,5,0,1.3,0.03345769581516,1,0
89,20149SANCRI1,9,2014,2014-06-01,18:30,Santos - Criciúma,2-0,1.93,3.35,3.94,12,Santos,9,13,mandante,3,1,2,0.48403480914015,0.278861845265818,1.73096627268627,1.26903372731373,-0.109875579344975,14,3,5,8,0,1.3,,1,0
98,201410SANPAL1,10,2014,2014-07-17,19:30,Santos - Palmeiras,2-0,1.94,3.31,3.98,12,Santos,6,14,mandante,3,1,2,0.482267063009767,0.282658036930196,1.7294592259595,1.2705407740405,1.16066519469553,17,4,7,10,0,1.3,,1,0
108,201411FLUSAN2,11,2014,2014-07-20,18:30,Fluminense - Santos,1-0,1.95,3.31,3.97,12,Santos,9,3,visitante,0,0,-1,0.236111161917861,0.2831907289468,0.991524214700384,-0.991524214700384,0.169140979995144,17,4,6,9,0,1.3,,1,0
112,201412SANCHA1,12,2014,2014-07-26,18:30,Santos - Chapecoense,3-0,1.58,3.67,6.16,12,Santos,6,15,mandante,3,1,3,0.592764286051402,0.255195523695154,2.03348838184936,0.96651161815064,1.13565259814578,20,5,9,9,0,1.3,,1,0
129,201413INTSAN2,13,2014,2014-08-03,18:30,Internacional - Santos,1-0,1.76,3.4,4.74,12,Santos,6,3,visitante,0,0,-1,0.196567944708696,0.274038840564476,0.863742674690563,-0.863742674690563,0.271909923455221,20,5,8,6,0,1.3,,1,0
137,201414SANCOR1,14,2014,2014-08-10,16:00,Santos - Corinthians,0-1,2.57,2.97,2.94,12,Santos,9,3,mandante,0,0,-1,0.36503417570703,0.315871323759955,1.41097385088104,-1.41097385088104,-1.13906392742582,20,5,7,3,0,1.3,,1,0
144,201415CRUSAN2,15,2014,2014-08-17,16:00,Cruzeiro - Santos,3-0,1.5,3.93,6.83,12,Santos,10,1,visitante,0,0,-3,0.137150754154656,0.238356145261145,0.649808407725112,-0.649808407725112,-1.78887233515094,20,5,4,3,0,1.3,,1,0
152,201416SANCAP1,16,2014,2014-08-20,19:30,Santos - Atlético-PR,2-0,1.69,3.52,5.28,12,Santos,7,9,mandante,3,1,2,0.555497106785902,0.266701735928459,1.93319305628617,1.06680694371383,-0.7220653914371,23,6,6,3,0,1.3,,1,0
167,201417SAOSAN2,17,2014,2014-08-24,16:00,São Paulo - Santos,2-1,1.86,3.34,4.31,12,Santos,10,2,visitante,0,0,-1,0.217031623370272,0.280061765486788,0.931156635597602,-0.931156635597602,-1.6532220270347,23,6,5,3,0,1.3,,1,0
173,201418BOTSAN2,18,2014,2014-08-31,16:00,Botafogo - Santos,1-0,2.51,3.09,2.91,13,Santos,11,13,visitante,0,0,-1,0.322465169071882,0.303680790290996,1.27107629750664,-1.27107629750664,-2.92429832454134,23,6,4,3,1,1.3,0,1,
182,201419SANVIT1,19,2014,2014-09-06,18:30,Santos - Vitória,3-1,1.53,3.89,6.53,13,Santos,9,20,mandante,3,1,2,0.614394245397794,0.241651207058772,2.08483394325215,0.915166056747847,-2.0091322677935,26,7,6,6,0,1.3,,1,1
195,201420SPOSAN2,20,2014,2014-09-10,21:00,Sport - Santos,3-1,2.55,3.15,2.79,13,Santos,10,7,visitante,0,0,-2,0.335589396503102,0.297236322617033,1.30400451212634,-1.30400451212634,-3.31313677991984,26,7,4,3,0,1.3,,1,1
203,201421SANCTB1,21,2014,2014-09-13,21:00,Santos - Coritiba,2-1,1.88,3.37,4.2,13,Santos,9,18,mandante,3,1,1,0.498633109745787,0.27816921255848,1.77406854179584,1.22593145820416,-2.08720532171568,29,8,5,6,0,1.3,,1,1
220,201422GRESAN2,22,2014,2014-09-18,20:30,Grêmio - Santos,0-0,1.89,3.27,4.43,12,Santos,9,5,visitante,1,0,0,0.212826843807143,0.288325051396221,0.926805582817649,0.0731944171823506,-2.01401090453333,30,8,5,7,0,1.3,,1,1
230,201423SANFIG1,23,2014,2014-09-21,18:30,Santos - Figueirense,3-1,1.58,3.72,6.09,12,Santos,9,13,mandante,3,1,2,0.593763268387036,0.252189775282666,2.03347958044377,0.966520419556226,-1.0474904849771,33,9,7,7,0,1.3,,1,1
240,201424CAMSAN2,24,2014,2014-09-25,20:30,Atlético-MG - Santos,3-2,1.7,3.6,4.93,13,Santos,9,4,visitante,0,0,-1,0.189773326304692,0.259884027411703,0.829204006325778,-0.829204006325778,-1.87669449130288,33,9,6,7,0,1.3,,1,1
250,201425SANGOI1,25,2014,2014-09-28,18:30,Santos - Goiás,2-0,1.75,3.56,4.71,13,Santos,8,13,mandante,3,1,2,0.53673323708951,0.263843585647933,1.87404329691646,1.12595670308354,-0.750737788219341,36,10,8,7,0,1.3,,1,1
253,201426FLASAN2,26,2014,2014-10-04,16:20,Flamengo - Santos,0-1,1.97,3.29,3.92,13,Santos,8,13,visitante,3,1,1,0.23915794911533,0.284954152137414,1.0024279994834,1.9975720005166,1.24683421229725,39,11,9,9,0,1.3,,1,1
269,201427SANBAH1,27,2014,2014-10-09,19:30,Santos - Bahia,1-0,1.58,3.68,6.14,13,Santos,7,16,mandante,3,1,1,0.592881807781521,0.254552515297501,2.03319793864206,0.966802061357936,2.21363627365519,42,12,10,9,0,1.3,,1,1
279,201428CRISAN2,28,2014,2014-10-12,18:30,Criciúma - Santos,3-0,2.4,3.22,2.95,13,Santos,7,18,visitante,0,0,-3,0.317933105689719,0.291274118566668,1.24507343563583,-1.24507343563583,0.968562838019365,42,12,7,9,0,1.3,,1,1
288,201429PALSAN2,29,2014,2014-10-19,15:00,Palmeiras - Santos,1-3,2.34,3.24,3.01,13,Santos,7,14,visitante,3,1,2,0.311009377538212,0.288931551354943,1.22195968396958,1.77804031603042,2.74660315404979,45,13,9,9,0,1.3,,1,1
299,201430SANFLU1,30,2014,2014-10-22,21:00,Santos - Fluminense,0-1,1.76,3.57,4.59,13,Santos,8,7,mandante,0,0,-1,0.532924199701443,0.262730137667938,1.86150273677227,-1.86150273677227,0.88510041727752,45,13,8,6,0,1.3,,1,1
37,20124CRUSPO2,4,2012,2012-06-10,18:30,Cruzeiro - Sport,1-0,1.53,3.91,6.3,8,Sport,11,5,visitante,0,0,-1,0.148612694792854,0.23945267958951,0.685290763968073,-0.685290763968073,0.967461898058126,5,1,0,,0,1.8,,1,0
44,20125BAHSPO2,5,2012,2012-06-17,16:00,Bahia - Sport,2-1,1.92,3.39,3.99,8,Sport,14,14,visitante,0,0,-1,0.235011211126637,0.276606115750821,0.981639749130731,-0.981639749130731,-0.0141778510726049,5,1,-1,4,0,1.8,,1,0
60,20126SPOINT1,6,2012,2012-06-24,18:30,Sport - Internacional,0-2,2.95,3.22,2.4,8,Sport,16,6,mandante,0,0,-2,0.317933105689719,0.291274118566668,1.24507343563583,-1.24507343563583,-1.25925128670843,5,1,-3,3,0,1.8,,1,0
65,20127CTBSPO2,7,2012,2012-07-01,16:00,Coritiba - Sport,2-3,1.65,3.67,5.25,8,Sport,11,13,visitante,3,1,1,0.178178929249239,0.254888114048638,0.789424901796354,2.21057509820365,0.951323811495216,8,2,-2,3,0,1.8,,1,0
79,20128SPOCOR1,8,2012,2012-07-08,18:30,Sport - Corinthians,1-1,2.24,3.31,3.15,8,Sport,12,19,mandante,1,0,0,0.418787077909298,0.283408777799646,1.53977001152754,-0.53977001152754,0.411553799967676,9,2,-2,4,0,1.8,,1,0
89,20129SPOPOR1,9,2012,2012-07-15,18:30,Sport - Portuguesa,2-1,2.12,3.35,3.41,8,Sport,11,15,mandante,3,1,1,0.443550109300438,0.280694397527442,1.61134472542876,1.38865527457124,1.80020907453892,12,3,-1,7,0,1.8,,1,0
91,201210GRESPO2,10,2012,2012-07-18,19:30,Grêmio - Sport,3-1,1.38,4.58,8.27,8,Sport,12,4,visitante,0,0,-2,0.113656634825642,0.205227155023593,0.546197059500518,-0.546197059500518,1.2540120150384,12,3,-3,7,0,1.8,,1,0
101,201211SPOCAM1,11,2012,2012-07-21,18:30,Sport - Atlético-MG,1-4,3.44,3.35,2.08,8,Sport,13,1,mandante,0,0,-3,0.271686577872048,0.278985620262641,1.09404535387879,-1.09404535387879,0.159966661159615,12,3,-6,4,0,1.8,,1,0
112,201212PONSPO2,12,2012,2012-07-25,19:30,Ponte Preta - Sport,1-1,1.69,3.69,4.74,8,Sport,13,9,visitante,1,0,0,0.196491194903158,0.252403323534138,0.841876908243612,0.158123091756388,0.318089752916003,13,3,-6,4,0,1.8,,1,0
127,201213SPOACG1,13,2012,2012-07-29,16:00,Sport - Atlético-GO,0-0,1.98,3.37,3.73,8,Sport,13,19,mandante,1,0,0,0.472061468899396,0.277353622676796,1.69353802937498,-0.693538029374984,-0.375448276458981,14,3,-6,2,0,1.8,,1,0
136,201214SAOSPO2,14,2012,2012-08-05,16:00,São Paulo - Sport,1-0,1.39,4.4,8.08,8,Sport,15,7,visitante,0,0,-1,0.115616115177545,0.212313229689674,0.55916157522231,-0.55916157522231,-0.93460985168129,14,3,-7,2,0,1.8,,1,0
141,201215SPOVAS1,15,2012,2012-08-08,19:30,Sport - Vasco,0-2,3.06,3.22,2.33,8,Sport,16,2,mandante,0,0,-2,0.306408664684549,0.291183389420721,1.21040938347437,-1.21040938347437,-2.14501923515566,14,3,-9,2,0,1.8,,1,0
152,201216SPOFIG1,16,2012,2012-08-11,18:30,Sport - Figueirense,0-1,1.69,3.53,5.26,8,Sport,16,19,mandante,0,0,-1,0.55554126063268,0.265967345741991,1.93259112764003,-1.93259112764003,-4.07761036279569,14,3,-10,1,1,1.8,0,1,
164,201217BOTSPO2,17,2012,2012-08-15,21:50,Botafogo - Sport,2-0,1.41,4.32,7.72,8,Sport,18,6,visitante,0,0,-2,0.12103292877751,0.216290326426476,0.579389112759007,-0.579389112759007,-4.6569994755547,14,3,-12,0,0,1.8,,1,1
170,201218FLUSPO2,18,2012,2012-08-18,18:30,Fluminense - Sport,1-0,1.49,4.05,6.55,8,Sport,19,2,visitante,0,0,-1,0.142587101118817,0.230603830204506,0.658365133560956,-0.658365133560956,-5.31536460911565,14,3,-13,0,0,1.8,,1,1
189,201219SPONAU1,19,2012,2012-08-26,18:30,Sport - Náutico,0-0,2.5,3.27,2.77,10,Sport,19,11,mandante,1,0,0,0.374945669946477,0.286655710968255,1.41149272080769,-0.411492720807686,-5.72685732992334,15,3,-13,1,0,1.8,,1,1
198,201220FLASPO2,20,2012,2012-08-30,21:00,Flamengo - Sport,1-1,1.51,4.02,6.57,9,Sport,18,10,visitante,1,0,0,0.143157328729809,0.233966082028569,0.663438068217998,0.336561931782002,-5.39029539814134,16,3,-13,2,0,1.8,,1,1
206,201221SPOSAN1,21,2012,2012-09-02,16:00,Sport - Santos,2-1,2.42,3.2,2.92,10,Sport,17,13,mandante,3,1,1,0.386844632861922,0.292551253601828,1.45308515218759,1.54691484781241,-3.84338055032893,19,4,-12,5,0,1.8,,1,1
219,201222PALSPO2,22,2012,2012-09-06,21:00,Palmeiras - Sport,3-1,1.55,3.88,6.17,10,Sport,18,17,visitante,0,0,-2,0.15218728094926,0.242009155530138,0.698570998377917,-0.698570998377917,-4.54195154870685,19,4,-14,5,0,1.8,,1,1
228,201223SPOCRU1,23,2012,2012-09-09,18:30,Sport - Cruzeiro,2-1,2.58,3.2,2.72,10,Sport,17,8,mandante,3,1,1,0.363005471773655,0.29267316161751,1.38168957693848,1.61831042306152,-2.92364112564532,22,5,-13,7,0,1.8,,1,1
234,201224SPOBAH1,24,2012,2012-09-12,20:30,Sport - Bahia,1-1,2.34,3.25,3.01,10,Sport,17,15,mandante,1,0,0,0.400415048156228,0.288298834672484,1.48954397914117,-0.48954397914117,-3.41318510478649,23,5,-13,7,0,1.8,,1,1
248,201225INTSPO2,25,2012,2012-09-16,18:30,Internacional - Sport,2-2,1.35,4.69,8.91,9,Sport,17,7,visitante,1,0,0,0.105265520491987,0.199982044260897,0.515778605736859,0.484221394263141,-2.92896371052335,24,5,-13,5,0,1.8,0.000206981381789983,1,1
259,201226SPOCTB1,26,2012,2012-09-23,18:30,Sport - Coritiba,1-0,2.17,3.4,3.22,10,Sport,17,16,mandante,3,1,1,0.432498202533046,0.276035617499032,1.57353022509817,1.42646977490183,-1.50249393562152,27,6,-12,8,0,1.8,,1,1
267,201227CORSPO2,27,2012,2012-09-30,16:00,Corinthians - Sport,3-0,1.47,4.04,7.26,10,Sport,17,8,visitante,0,0,-3,0.129269025323564,0.232300278180465,0.620107354151158,-0.620107354151158,-2.12260128977268,27,6,-15,5,0,1.8,,1,1
273,201228PORSPO2,28,2012,2012-10-04,21:00,Portuguesa - Sport,5-1,1.61,3.76,5.43,10,Sport,17,11,visitante,0,0,-4,0.171915246487773,0.248271220326757,0.764016959790076,-0.764016959790076,-2.88661824956275,27,6,-19,4,1,1.8,0,1,1
20,20162SPOBOT1,2,2016,2016-05-22,18:30,Sport - Botafogo,1-1,1.84,3.44,4.35,13,Sport,15,15,mandante,1,0,0,0.510758560428158,0.273196439298782,1.80547212058326,-0.805472120583256,-1.54044900810252,1,0,-1,,0,1.8,,0,0
29,20163INTSPO2,3,2016,2016-05-26,16:00,Internacional - Sport,1-0,1.54,3.8,6.53,13,Sport,17,3,visitante,0,0,-1,0.143705399020682,0.246946383053961,0.678062580116006,-0.678062580116006,-2.21851158821852,1,0,-2,,0,1.8,,0,0
35,20164SPOCOR1,4,2016,2016-05-29,11:00,Sport - Corinthians,0-2,2.86,3.09,2.54,13,Sport,20,4,mandante,0,0,-2,0.327702251319393,0.303310174360345,1.28641692831853,-1.28641692831853,-3.50492851653705,1,0,-4,,0,1.8,,0,0
44,20165STCSPO2,5,2016,2016-06-01,21:00,Santa Cruz - Sport,0-1,2.05,3.28,3.67,13,Sport,17,7,visitante,3,1,1,0.255810326002184,0.286226797691468,1.05365777569802,1.94634222430198,-1.55858629223507,4,1,-3,4,0,1.8,,0,0
58,20166SPOCAM1,6,2016,2016-06-05,16:00,Sport - Atlético-MG,4-4,2.17,3.29,3.33,13,Sport,16,14,mandante,1,0,0,0.432670776546043,0.285378597296326,1.58339092693445,-0.583390926934454,-2.14197721916952,5,1,-3,4,0,1.8,,0,0
66,20167CTBSPO2,7,2016,2016-06-12,11:00,Coritiba - Sport,3-2,1.91,3.3,4.17,13,Sport,18,16,visitante,0,0,-1,0.224876644296739,0.284162305065879,0.958792237956095,-0.958792237956095,-3.10076945712561,5,1,-4,4,0,1.8,,0,0
76,20168SANSPO2,8,2016,2016-06-15,21:00,Santos - Sport,2-0,1.52,4.01,6.42,14,Sport,19,4,visitante,0,0,-2,0.146526979792201,0.234589329243373,0.674170268619975,-0.674170268619975,-3.77493972574559,5,1,-6,4,0,1.8,,0,0
89,20169SPOFLU1,9,2016,2016-06-19,16:00,Sport - Fluminense,2-1,2.24,3.22,3.24,14,Sport,17,11,mandante,3,1,1,0.418934112885091,0.291432426354846,1.54823476501012,1.45176523498988,-2.32317449075571,8,2,-5,4,0,1.8,,0,0
99,201610SAOSPO2,10,2016,2016-06-23,21:00,São Paulo - Sport,0-0,1.39,4.49,8.3,14,Sport,18,7,visitante,1,0,0,0.113381572565042,0.209591771111325,0.549736488806451,0.450263511193549,-1.87291097956216,9,2,-5,4,0,1.8,,0,0
110,201611SPOCHA1,11,2016,2016-06-26,18:30,Sport - Chapecoense,5-1,1.75,3.51,4.71,14,Sport,16,11,mandante,3,1,4,0.534723502527727,0.266600036872799,1.87077054445598,1.12922945554402,-0.743681524018141,12,3,-1,7,0,1.8,,0,0
113,201612VITSPO2,12,2016,2016-06-29,19:30,Vitória - Sport,3-2,2.36,3.24,2.97,14,Sport,17,13,visitante,0,0,-1,0.314946619217082,0.288701067615658,1.2335409252669,-1.2335409252669,-1.97722244928504,12,3,-2,7,0,1.8,,0,0
130,201613SPOPAL1,13,2016,2016-07-04,20:00,Sport - Palmeiras,1-3,2.82,3.3,2.42,14,Sport,18,1,mandante,0,0,-2,0.331143951833607,0.282977558839628,1.27640941434045,-1.27640941434045,-3.25363186362549,12,3,-4,4,0,1.8,,0,0
133,201614PONSPO2,14,2016,2016-07-09,21:00,Ponte Preta - Sport,2-1,1.84,3.48,4.25,14,Sport,19,7,visitante,0,0,-1,0.220699543655991,0.269532488660334,0.931631119628307,-0.931631119628307,-4.1852629832538,12,3,-5,3,0,1.8,0.10765262045811,0,
149,201615SPOGRE1,15,2016,2016-07-17,18:30,Sport - Grêmio,4-2,2.7,3.17,2.62,14,Sport,17,3,mandante,3,1,2,0.34694883534405,0.295508471744143,1.33635497777629,1.66364502222371,-2.52161796103009,15,4,-3,3,0,1.8,,0,1
157,201616CRUSPO2,16,2016,2016-07-24,16:00,Cruzeiro - Sport,1-2,1.55,4,5.76,14,Sport,14,19,visitante,3,1,1,0.162439740096416,0.233913225738839,0.721232446028086,2.27876755397191,-0.242850407058179,18,5,-2,6,0,1.8,,0,1
162,201617SPOCAP1,17,2016,2016-07-30,18:30,Sport - Atlético-PR,2-0,1.64,3.67,5.43,14,Sport,12,7,mandante,3,1,2,0.571790509036758,0.255514014937407,1.97088554204768,1.02911445795232,0.78626405089414,21,6,0,9,0,1.8,,0,1
171,201618SPOAMG1,18,2016,2016-08-03,19:30,Sport - América-MG,1-1,1.48,4.19,6.64,14,Sport,13,20,mandante,1,0,0,0.634472063854048,0.224109464082098,2.12752565564424,-1.12752565564424,-0.341261604750102,22,6,0,10,0,1.8,,0,1
186,201619FIGSPO2,19,2016,2016-08-07,18:30,Figueirense - Sport,1-1,2.3,3.18,3.16,14,Sport,13,17,visitante,1,0,0,0.296945288013382,0.295077707585625,1.18591357162577,-0.185913571625769,-0.527175176375871,23,6,0,8,0,1.8,,0,1
189,201620SPOFLA1,20,2016,2016-08-13,16:00,Sport - Flamengo,1-0,2.8,3.23,2.5,14,Sport,11,6,mandante,3,1,1,0.334798291803143,0.290227621377337,1.29462249678677,1.70537750321323,1.17820232683736,26,7,1,8,0,1.8,,0,1
200,201621BOTSPO2,21,2016,2016-08-20,21:00,Botafogo - Sport,3-0,1.93,3.35,4.03,14,Sport,12,12,visitante,0,0,-3,0.233042218289426,0.280346310360115,0.979472965228392,-0.979472965228392,0.198729361608971,26,7,-2,5,0,1.8,,0,1
216,201622SPOINT1,22,2016,2016-08-28,18:30,Sport - Internacional,1-1,2.4,3.12,2.98,14,Sport,12,17,mandante,1,0,0,0.388409865650692,0.298776819731301,1.46400641668338,-0.464006416683377,-0.265277055074406,27,7,-2,5,0,1.8,,0,1
228,201623CORSPO2,23,2016,2016-09-08,19:30,Corinthians - Sport,3-0,1.49,4.08,6.79,14,Sport,16,4,visitante,0,0,-3,0.138479937129124,0.230460483604597,0.64590029499197,-0.64590029499197,-0.911177350066376,27,7,-5,4,0,1.8,,0,1
237,201624SPOSTC1,24,2016,2016-09-11,16:00,Sport - Santa Cruz,5-3,2.03,3.31,3.69,14,Sport,13,19,mandante,3,1,2,0.46222926971416,0.283481999250678,1.67016980839316,1.32983019160684,0.418652841540465,30,8,-3,4,0,1.8,,0,1
247,201625CAMSPO2,25,2016,2016-09-15,19:30,Atlético-MG - Sport,1-0,1.45,4.41,6.74,14,Sport,13,3,visitante,0,0,-1,0.139341350899634,0.212961611125517,0.630985663824418,-0.630985663824418,-0.212332822283954,30,8,-4,4,0,1.8,,0,1
257,201626SPOCTB1,26,2016,2016-09-18,16:00,Sport - Coritiba,0-1,1.85,3.4,4.31,14,Sport,14,13,mandante,0,0,-1,0.506751966802109,0.275732687818795,1.79598858822512,-1.79598858822512,-2.00832141050908,30,8,-5,3,0,1.8,,0,1
